-- phpMyAdmin SQL Dump
-- version 3.4.10.1deb1
-- http://www.phpmyadmin.net
--
-- Host: localhost
-- Generation Time: Mar 06, 2015 at 01:47 PM
-- Server version: 5.5.34
-- PHP Version: 5.3.10-1ubuntu3.16

SET SQL_MODE="NO_AUTO_VALUE_ON_ZERO";
SET time_zone = "+00:00";


/*!40101 SET @OLD_CHARACTER_SET_CLIENT=@@CHARACTER_SET_CLIENT */;
/*!40101 SET @OLD_CHARACTER_SET_RESULTS=@@CHARACTER_SET_RESULTS */;
/*!40101 SET @OLD_COLLATION_CONNECTION=@@COLLATION_CONNECTION */;
/*!40101 SET NAMES utf8 */;

--
-- Database: `hackanokha`
--

-- --------------------------------------------------------

--
-- Table structure for table `articles`
--

CREATE TABLE IF NOT EXISTS `articles` (
  `id` int(11) NOT NULL AUTO_INCREMENT,
  `title` varchar(255) DEFAULT NULL,
  `content` longtext,
  `date_posted` datetime NOT NULL,
  `created_by` varchar(255) NOT NULL,
  `last_modified` datetime DEFAULT NULL,
  `last_modified_by` varchar(255) DEFAULT NULL,
  `ordering` int(10) DEFAULT '0',
  `is_published` int(1) DEFAULT '1',
  PRIMARY KEY (`id`)
) ENGINE=InnoDB  DEFAULT CHARSET=latin1 AUTO_INCREMENT=2 ;

--
-- Dumping data for table `articles`
--

INSERT INTO `articles` (`id`, `title`, `content`, `date_posted`, `created_by`, `last_modified`, `last_modified_by`, `ordering`, `is_published`) VALUES
(1, 'Welcome to Hackademic v0.9!', '<p><img width="840" height="188" logo"=" alt="owasp" src="http://www.techtoweb.com/wp-content/uploads/2012/12/owasp-security.png"></p> <p>Thank you for installing and using the Hackademic challenges project.</p> <p>You can find our code on Github <a href="https://github.com/Hackademic/hackademic">here</a>, for any problems or support, please open an issue on our github repository.</p><p>Hackademic is a FOSS project under the OWASP umbrella organization.</p>', '2013-08-18 00:00:17', 'admin', '2013-08-18 00:04:27', 'admin', 0, 1);

-- --------------------------------------------------------

--
-- Table structure for table `challenges`
--

CREATE TABLE IF NOT EXISTS `challenges` (
  `id` int(11) NOT NULL AUTO_INCREMENT,
  `title` varchar(255) DEFAULT NULL,
  `pkg_name` varchar(255) NOT NULL,
  `description` text,
  `author` varchar(255) NOT NULL,
  `category` varchar(255) NOT NULL,
  `date_posted` datetime NOT NULL,
  `visibility` varchar(255) DEFAULT 'private',
  `publish` int(10) DEFAULT '0',
  `abstract` varchar(255) DEFAULT NULL,
  `level` varchar(255) DEFAULT NULL,
  `duration` int(11) DEFAULT NULL,
  `goal` varchar(255) DEFAULT NULL,
  `solution` varchar(255) DEFAULT NULL,
  `availability` varchar(255) DEFAULT 'private',
  `default_points` int(11) DEFAULT NULL,
  `default_duration` int(11) DEFAULT NULL,
  PRIMARY KEY (`id`)
) ENGINE=InnoDB  DEFAULT CHARSET=latin1 AUTO_INCREMENT=36 ;

--
-- Dumping data for table `challenges`
--

INSERT INTO `challenges` (`id`, `title`, `pkg_name`, `description`, `author`, `category`, `date_posted`, `visibility`, `publish`, `abstract`, `level`, `duration`, `goal`, `solution`, `availability`, `default_points`, `default_duration`) VALUES
(1, 'ITS ALL OPEN SOURCE - 50', 'ch01', '<p><span style="font-size: large;">Hey Trinity, while trying to hack into ROTU your ally hacker came across a weird looking page. Can you help her figure out what it is? May be it has some information that can take you a step further towards stopping the evil mastermind computer. </span></p>', '', 'web', '2015-03-04 14:53:07', 'public', 1, NULL, NULL, NULL, NULL, NULL, 'public', 500, 1),
(2, '301 DOCUMENT MOVED - 100', 'ch02', '<p><span style="font-size: large;">Have you heard of fortunate accidents. Well one such thing happened to you. While randomly entering urls you landed on a page that looks like one of ROTU''s server page. It must be vulnerable. So try to crack it... As simple as that! ;-P</span></p>', '', 'web', '2015-03-04 15:03:38', 'public', 1, NULL, NULL, NULL, NULL, NULL, 'public', 500, 1),
(3, 'VISUAL HACK - 100', 'ch03', '<p><span style="font-size: medium;">Trinity likes easy challenges, so does ROTU. So, ROTU gives trinity a so-called "easy" question, So easy that it is <strong>right</strong> in front of your eyes. Yes, r<strong>ight in front of your eyes</strong>. </span></p>\r\n<p><span style="font-size: medium;">&nbsp;</span></p>\r\n<p style="text-align: center;"><span style="font-size: medium;">Good luck figuring it out.</span></p>\r\n<p style="text-align: center;"><span style="font-size: medium;">&nbsp;</span></p>\r\n<p style="text-align: left;"><span style="font-size: small;">P.S : When we say right in front, we mean it. :)</span><span style="font-size: medium;"><br /></span></p>', '', 'web', '2015-03-04 15:05:37', 'public', 1, NULL, NULL, NULL, NULL, NULL, 'public', 500, 1),
(4, 'ROTU ON FIRE - 100', 'ch04', '<p><span style="font-size: medium;">You reached this far? ROTU decided to play around with you. Go ahead, Click the button and watch the <strong>ROTU</strong> troll you. Trololololol.<br /></span></p>\r\n<p><span style="font-size: medium;">&nbsp;</span></p>\r\n<p><span style="font-size: medium;">Prove <strong>ROTU</strong> wrong! Yes! Set<strong> ROTU</strong> on <strong>fire</strong>, <strong>bug</strong> the <strong>ROTU</strong> and get access to the <strong>ROTU</strong> troll system.<br /></span></p>\r\n<p><span style="font-size: medium;"><br />Be <strong>bold</strong> enough to solve it!<br /></span></p>\r\n<p><span style="font-size: medium;">&nbsp;</span></p>\r\n<p><span style="font-size: medium;">&nbsp;</span></p>', '', 'web', '2015-03-04 15:07:09', 'public', 1, NULL, NULL, NULL, NULL, NULL, 'public', 500, 1),
(5, 'SHOWDOWN-100', 'ch05', '<p><span style="font-size: medium;">The time has come to stop ROTU. All the planets are alligned and shining upon you.</span></p>\r\n<p><span style="font-size: medium;">&nbsp;</span></p>\r\n<p><span style="font-size: medium;">Go on and pawn the ROTU mainframes! It''s out there in the open. <br /></span></p>\r\n<p><span style="font-size: medium;">&nbsp;</span></p>\r\n<p><span style="font-size: medium;">Remember, simple code can sometimes do wonders!<br /></span></p>\r\n<p><span style="font-size: medium;">Pawn the ROTU before it pawns the world! Just as you were entering the server room, a black cat crossed you! Bad Luck!<br /></span></p>', '', 'web', '2015-03-04 15:07:43', 'public', 1, NULL, NULL, NULL, NULL, NULL, 'public', 500, 1),
(6, 'ALERT! - 50', 'ch06', '<p><span style="font-size: medium;">You are trying to secure your systems from ROTU''s attacks. ROTU has recently brainwashed your best script kiddie! Stop him from destroying us.<br /></span></p>\r\n<p><span style="font-size: medium;">&nbsp;</span></p>\r\n<p><span style="font-size: medium;">&nbsp;</span></p>', '', 'web', '2015-03-04 15:16:45', 'public', 1, NULL, NULL, NULL, NULL, NULL, 'public', 500, 1),
(7, 'ET TU, BRUTE - 100', 'ch07', '<p><span style="font-size: medium;">Given a form with username and password textfields and no other data, what will you do? You are now facing a similar circumstance while trying to fiddle with one of ROTU''s minion server. Try to get the secret information that the page has to offer.</span></p>', '', 'web', '2015-03-04 15:19:51', 'public', 1, NULL, NULL, NULL, NULL, NULL, 'public', 500, 1),
(8, 'BASH ME - 50', 'ch11', '<p><span>While searching in your computer for any of Dr. Demus'' files that can help you understand more about ROTU, you accidentally come accross a hidden file. This file was named "Password". So, something pretty important eh...but, Alas! It seems to be encrypted.&nbsp;&nbsp;</span></p>', '', 'crypto', '2015-03-04 15:48:45', 'public', 1, NULL, NULL, NULL, NULL, NULL, 'public', 500, 1),
(9, 'EM DEE - 100', 'ch12', '<p><span>While searching around Dr. Demus'' office for any clues on how to hack into ROTU, you found a crimpled piece of paper which was thrown in the dustbin. The paper might not have attracted so much attention from you if it had not contained encrypted text. But unfortunately or fortunately it has the same thing that arouses your curiosity. Check it out!!</span></p>', '', 'crypto', '2015-03-04 15:50:28', 'public', 1, NULL, NULL, NULL, NULL, NULL, 'public', 500, 1),
(10, 'KILLER HERTZ - 30', 'ch13', '<p><span style="font-size: medium;">ROTU is a supervillian. A supervilian does not simply sit and relax once he gets to know that there is a "super" hero plotting against him. In that case you top the list of "ROTU''s nemesis". You get to know that ROTU is also trying to attack you. If it succeeds in attacking your system, you will be compromised. But to make your firewall security even stronger you are being asked for a password. The password file is encrypted and the technician who set up the firewall has been terminated! Decipher the password and save your life!&nbsp;</span></p>', '', 'crypto', '2015-03-04 15:51:11', 'public', 1, NULL, NULL, NULL, NULL, NULL, 'public', 500, 1),
(11, 'I AM ROMAN - 50', 'ch14', '<p><span style="font-size: medium;">Your friend intercepted one of the messages sent by The Roman Emperor, ROTU''s minion. As usual it is encrypted. Decipher it and find out the message that was being sent by the Emperor.</span></p>', '', 'crypto', '2015-03-04 15:52:10', 'public', 1, NULL, NULL, NULL, NULL, NULL, 'public', 500, 1),
(12, 'PARAMICO - 150', 'ch15', '<p><span style="font-size: medium;">ROTU has decided to play tricks on you.&nbsp; As a part of it, it has given you gigantic amount of text to read titled "Read till your death". However, your intelligence agency has send you a set of numbers. Try making some sense from what it is.</span></p>', '', 'crypto', '2015-03-04 16:12:53', 'public', 1, NULL, NULL, NULL, NULL, NULL, 'public', 500, 1),
(13, 'KAROVD - 100', 'ch16', '<p>As Trinity goes hacking around, she comes across a strange line of code in one of the sub-systems of the ROTU. As she stared at the keyboard in silence, everything seemed to fit in place. As she entered the code, a bolt of electricity stuck her and forgot the key to success. Think! Think! What did you forget?<br /><br /></p>', '', 'crypto', '2015-03-04 16:18:16', 'public', 1, NULL, NULL, NULL, NULL, NULL, 'public', 500, 1),
(14, '#STRING.H - 50', 'ch21', '<p><span style="font-size: medium;">After all those ciphers, ROTU has had enough. We think he is hiding data in images. Check out the following data from one of the servers.</span></p>', '', 'forensics1', '2015-03-04 16:28:27', 'public', 1, NULL, NULL, NULL, NULL, NULL, 'public', 500, 1),
(15, 'DI DI DAH DIT - 100', 'ch22', '<p><span style="font-size: medium;">It''s finally happened. We think ROTU has gone mad! Even we have no idea what he is trying to say. None of the known encryption techniques seem to work. Trinity, It''s upto you. Decipher his ramblings.</span></p>', '', 'forensics', '2015-03-04 16:48:04', 'public', 1, NULL, NULL, NULL, NULL, NULL, 'public', 500, 1),
(16, 'SEEING AIN''T GETTING - 100', 'ch23', '<p><span style="font-size: medium;">Looks like ROTU hasn''t learnt his lesson yet. He thinks IronMan will stop us this time (Yes, IronMan!). Prove him wrong. </span></p>', '', 'forensics', '2015-03-04 16:51:53', 'public', 1, NULL, NULL, NULL, NULL, NULL, 'public', 500, 1),
(17, 'TOO MANY FILES - 150', 'ch24', '<p><span style="font-size: medium;">Stupid ROTU. He has accidentally given us his server details. Just get the right file we need. Piece of cake, Isn''t it?</span></p>', '', 'forensics', '2015-03-04 16:57:27', 'public', 1, NULL, NULL, NULL, NULL, NULL, 'public', 500, 1),
(18, 'ANIMOMANIA - 100', 'ch25', '<p><span style="font-size: medium;">Huh? Is this even supposed to be a challenge? Has ROTU finally given up? The data is there for you. Just retrieve it !</span></p>', '', 'forensics', '2015-03-04 16:59:25', 'public', 1, NULL, NULL, NULL, NULL, NULL, 'public', 500, 1),
(19, 'FIND THE HACKER -  200', 'ch26', '<p>Trinity... We are under great pressure! One of out chief hackers got compromised but somehow escaped the wrath of ROTU. He went into hiding. Well it turns out that he is so good at hiding that even we are not able to find him. Your job is to find him and bring him back. He is very crucial to the team and can be the key to defeating ROTU!</p>', '', 'crypto', '2015-03-04 17:00:24', 'public', 1, NULL, NULL, NULL, NULL, NULL, 'public', 500, 1),
(20, 'TRUE LIES - 50', 'ch31', '<p><span style="font-size: medium;">Hey Trinity,&nbsp;</span></p>\r\n<p><span style="font-size: medium;">ROTU is creating cyborgs to take us down. &nbsp;</span><span style="font-size: medium;">We''ve found a small transmission from one of these cyborgs. They speak a strange language. Find out what it is and help us shut it down!<br /></span></p>\r\n<p><span style="font-size: medium;">&nbsp;</span></p>\r\n<p><span style="font-size: medium;">&nbsp;</span></p>', '', 'trivia', '2015-03-04 17:07:38', 'public', 1, NULL, NULL, NULL, NULL, NULL, 'public', 500, 1),
(21, 'ANTIMAGE - 50', 'ch32', '<p><span style="font-size: medium;">This is crazy! Now that the cyborgs are useless, ROTU is now going towards black magic! Weird things are going on. Find out what it is and put a stop to it.</span></p>', '', 'trivia', '2015-03-04 17:09:13', 'public', 1, NULL, NULL, NULL, NULL, NULL, 'public', 500, 1),
(22, 'THE MUSIC ADDICT - 50', 'ch33', '<p><span style="font-size: medium;">Who said music is for humans? Even ROTU needs it. The problem is, he is a miser and doesn''t want to pay for what he gets. </span></p>', '', 'trivia', '2015-03-04 17:10:18', 'public', 1, NULL, NULL, NULL, NULL, NULL, 'public', 500, 1),
(23, 'SHERLOCK''D - 50 ', 'ch34', '<p><span style="font-size: medium;">As you were trying to hack into one of the ROTU mainframes, our Systems Administrator "ZOZ" got a text message that his laptop has been stolen.<br /></span></p>', '', 'trivia', '2015-03-04 17:10:56', 'public', 1, NULL, NULL, NULL, NULL, NULL, 'public', 500, 1),
(24, 'GAMING IT IS!! - 50', 'ch35', '<p>ROTU does it again! This time the crazy computer has hired someone to take down our gaming network.. WTH??</p>\r\n<p>Find out who is hacking our playstation.</p>\r\n<p>P.S - Show him nobody messes with Gamers!</p>', '', 'trivia', '2015-03-05 09:13:47', 'public', 1, NULL, NULL, NULL, NULL, NULL, 'public', 500, 1),
(25, 'FILE TRANSFER - 100', 'ch41', '<p>Ah Trinity.. We have been waiting for you. time and time again we have tried to gain access to ROTU\\''s central servers but we have failed miserably. Our experts tell us that while the security of the system is extremely rigid, the network is quite vulnerable. Our spies in their internal network have sent us this pcap file and told us that information that opens the servers is available in this file but we can\\''t seem to understand head or tail of this. Can you help us??</p>', '', 'misc', '2015-03-05 09:38:04', 'public', 1, NULL, NULL, NULL, NULL, NULL, 'public', 500, 1),
(26, 'CAPPED! -100', 'ch42', '<p>Trinity...!!! <br />We found a spy in our ranks. The @$%^*&amp; has told ROTU that we have access to his servers and now everything has changed.. With great difficulty our last top spies have managed to send us another file we don\\''t know what it is. Find out and get us what we need to regain our foothold. We cannot afford to loose access to ROTU\\''s servers. Lives are at stake!!</p>', '', 'misc', '2015-03-05 09:40:35', 'public', 1, NULL, NULL, NULL, NULL, NULL, 'public', 500, 1),
(27, 'POSTMASTER - 150', 'ch43', '<p>yes to add description</p>', '', 'misc', '2015-03-05 09:45:20', 'public', 0, NULL, NULL, NULL, NULL, NULL, 'public', 500, 1),
(28, 'MAPS - 150', 'ch44', '<p>According to the recent reports by your spy, one of ROTU''s minions crashed but its location could not be determined by the spy. Find the location of the crashed minion so that important information required to bring down ROTU can be retrieved from it.</p>', '', 'misc', '2015-03-05 09:48:02', 'public', 1, NULL, NULL, NULL, NULL, NULL, 'public', 500, 1),
(29, 'DUMP ME! - 150', 'ch45', '<p>One of your human friends tried to gain access to the mainframe of ROTU. Butunfortunately the mainframe is guarded by numerous robot soldiers. Therefore he could not make it all the way to the mainframe but instead managed to get piece of paper from Dr. Demus'' Lab. According to your friend, Demus was fiddling with this piece of paper during his lat attempts in stopping the evil computer. Your job is to find out what information the piece of paper holds. Maybe it holds a key that can be used to gain access to ROTU.<br /><br /><br /><br /><br /><br /><br /><br /><br /><br /><br /><br /><br /><br /><br />&nbsp;</p>', '', 'misc', '2015-03-05 09:51:53', 'public', 1, NULL, NULL, NULL, NULL, NULL, 'public', 500, 1),
(30, 'CAPPER(2) - 150', 'ch46', '<p>Trinity... We have already lost many of our agents. And one more agent''s life is at stake. Find out the minimum time required to reach the agent and warn him about the threat so that we can reduce this time required next time one of the agents is at risk. One more loss will be one too many!</p>', '', 'misc', '2015-03-05 09:55:33', 'public', 1, NULL, NULL, NULL, NULL, NULL, 'public', 150, 1),
(31, 'SERVER ERROR - 200', 'ch47', '<p>Trinity...!!! <br />We found a spy in our ranks. The @$%^*&amp; has told ROTU that we have access to his servers and now everything has changed.. With great difficulty our last top spies have managed to send us another file we don\\''t know what it is. Find out and get us what we need to regain our foothold. We cannot afford to loose access to ROTU\\''s servers. Lives are at stake!!</p>', '', 'misc', '2015-03-05 17:54:40', 'public', 1, NULL, NULL, NULL, NULL, NULL, 'public', 500, 1),
(32, 'MAPPER22 - 200', 'ch48', '<p>ROTU has taken control of everything except a File Transfering server. You are given with an IP of it. </p>\r\n<p>Could you get the key from the server? </p>', '', 'misc', '2015-03-05 17:59:59', 'public', 1, NULL, NULL, NULL, NULL, NULL, 'public', 500, 1),
(33, 'OCTOPUS - 150', 'ch49', '<p>ROTU has secret projects running in one of the systems. </p>\r\n<p>Could you get into the syetem and retrieve the flag?</p>', '', 'misc', '2015-03-05 18:00:55', 'public', 1, NULL, NULL, NULL, NULL, NULL, 'public', 200, 1),
(34, 'misc10', 'ch50', '<p>asdf</p>', '', 'misc', '2015-03-05 18:02:07', 'public', 1, NULL, NULL, NULL, NULL, NULL, 'public', 60, 1),
(35, 'misc11', 'ch51', '<p>sdf</p>', '', 'misc', '2015-03-05 18:02:40', 'public', 1, NULL, NULL, NULL, NULL, NULL, 'public', 60, 1);

-- --------------------------------------------------------

--
-- Table structure for table `challenge_attempts`
--

CREATE TABLE IF NOT EXISTS `challenge_attempts` (
  `id` int(11) NOT NULL AUTO_INCREMENT,
  `user_id` int(11) NOT NULL,
  `challenge_id` int(11) NOT NULL,
  `class_id` int(11) NOT NULL,
  `time` datetime NOT NULL,
  `status` int(11) NOT NULL,
  PRIMARY KEY (`id`),
  KEY `user_id` (`user_id`,`challenge_id`,`class_id`)
) ENGINE=InnoDB  DEFAULT CHARSET=latin1 AUTO_INCREMENT=1395 ;

--
-- Dumping data for table `challenge_attempts`
--

INSERT INTO `challenge_attempts` (`id`, `user_id`, `challenge_id`, `class_id`, `time`, `status`) VALUES
(27, 4, 1, 1, '2015-03-04 15:24:07', 1),
(28, 4, 2, 1, '2015-03-04 15:25:05', 0),
(29, 4, 2, 1, '2015-03-04 15:25:20', 1),
(30, 3, 1, 1, '2015-03-04 15:28:32', 1),
(31, 3, 2, 1, '2015-03-04 15:29:21', 0),
(32, 3, 2, 1, '2015-03-04 15:29:24', 0),
(33, 3, 2, 1, '2015-03-04 15:29:27', 0),
(34, 3, 2, 1, '2015-03-04 15:29:31', 0),
(35, 3, 2, 1, '2015-03-04 15:29:41', 0),
(36, 3, 2, 1, '2015-03-04 15:29:44', 0),
(37, 3, 2, 1, '2015-03-04 15:29:50', 0),
(38, 3, 2, 1, '2015-03-04 15:31:00', 0),
(39, 3, 2, 1, '2015-03-04 15:31:02', 0),
(40, 3, 2, 1, '2015-03-04 15:31:31', 0),
(41, 3, 2, 1, '2015-03-04 15:31:35', 0),
(42, 3, 2, 1, '2015-03-04 15:32:13', 1),
(43, 5, 1, 1, '2015-03-04 15:34:33', 1),
(44, 5, 2, 1, '2015-03-04 15:35:36', 0),
(45, 5, 2, 1, '2015-03-04 15:35:49', 1),
(46, 5, 3, 1, '2015-03-04 15:36:55', 1),
(47, 5, 5, 1, '2015-03-04 15:42:49', 1),
(48, 5, 6, 1, '2015-03-04 15:43:07', 1),
(49, 3, 8, 1, '2015-03-04 16:00:50', 1),
(50, 3, 9, 1, '2015-03-04 16:01:38', 0),
(51, 3, 9, 1, '2015-03-04 16:02:09', 0),
(52, 3, 9, 1, '2015-03-04 16:02:12', 1),
(53, 3, 10, 1, '2015-03-04 16:03:12', 1),
(54, 3, 10, 1, '2015-03-04 16:03:14', 0),
(55, 3, 11, 1, '2015-03-04 16:03:36', 1),
(56, 3, 12, 1, '2015-03-04 16:15:04', 1),
(57, 3, 12, 1, '2015-03-04 16:15:11', 0),
(58, 3, 20, 1, '2015-03-04 17:18:17', 0),
(59, 3, 1, 1, '2015-03-04 21:00:49', 0),
(60, 3, 1, 1, '2015-03-04 21:00:55', 0),
(61, 3, 1, 1, '2015-03-04 21:07:47', 0),
(62, 3, 3, 1, '2015-03-04 21:08:32', 1),
(63, 4, 20, 1, '2015-03-04 21:28:22', 1),
(64, 4, 21, 1, '2015-03-04 21:32:01', 1),
(65, 3, 16, 1, '2015-03-04 21:36:43', 1),
(66, 4, 22, 1, '2015-03-04 21:41:55', 0),
(67, 4, 22, 1, '2015-03-04 21:43:03', 0),
(68, 4, 22, 1, '2015-03-04 21:43:07', 0),
(69, 4, 22, 1, '2015-03-04 21:43:26', 0),
(70, 4, 22, 1, '2015-03-04 21:43:30', 1),
(71, 4, 22, 1, '2015-03-04 21:43:37', 0),
(72, 4, 22, 1, '2015-03-04 21:43:53', 0),
(73, 3, 19, 1, '2015-03-04 22:03:44', 1),
(74, 3, 8, 1, '2015-03-04 22:18:15', 0),
(75, 3, 8, 1, '2015-03-04 22:18:17', 0),
(76, 3, 8, 1, '2015-03-04 22:18:17', 0),
(77, 3, 14, 1, '2015-03-05 17:37:52', 0),
(78, 9, 1, 1, '2015-03-05 17:51:26', 1),
(79, 3, 33, 1, '2015-03-05 18:12:41', 0),
(80, 3, 33, 1, '2015-03-05 18:12:52', 0),
(81, 3, 33, 1, '2015-03-05 18:16:56', 0),
(82, 3, 33, 1, '2015-03-05 18:17:06', 0),
(83, 3, 33, 1, '2015-03-05 18:17:09', 0),
(84, 9, 2, 1, '2015-03-05 18:24:51', 0),
(85, 9, 2, 1, '2015-03-05 18:25:02', 0),
(86, 9, 2, 1, '2015-03-05 18:25:38', 0),
(87, 9, 2, 1, '2015-03-05 18:28:07', 0),
(88, 10, 1, 1, '2015-03-05 18:35:46', 1),
(89, 9, 2, 1, '2015-03-05 18:36:48', 0),
(90, 9, 3, 1, '2015-03-05 18:38:15', 1),
(91, 9, 5, 1, '2015-03-05 18:39:09', 1),
(92, 3, 20, 1, '2015-03-05 18:39:49', 1),
(93, 9, 6, 1, '2015-03-05 18:42:00', 1),
(94, 11, 1, 1, '2015-03-05 18:43:06', 1),
(95, 11, 2, 1, '2015-03-05 18:43:43', 1),
(96, 11, 3, 1, '2015-03-05 18:44:43', 1),
(97, 9, 17, 1, '2015-03-05 18:48:17', 0),
(98, 9, 17, 1, '2015-03-05 18:48:22', 1),
(99, 12, 1, 1, '2015-03-06 08:59:19', 1),
(100, 12, 2, 1, '2015-03-06 08:59:51', 1),
(101, 12, 3, 1, '2015-03-06 09:00:56', 1),
(102, 12, 4, 1, '2015-03-06 09:01:17', 1),
(103, 12, 5, 1, '2015-03-06 09:01:28', 1),
(104, 12, 6, 1, '2015-03-06 09:01:40', 1),
(105, 12, 7, 1, '2015-03-06 09:02:30', 0),
(106, 12, 7, 1, '2015-03-06 09:02:47', 0),
(107, 12, 7, 1, '2015-03-06 09:09:13', 1),
(108, 12, 8, 1, '2015-03-06 09:09:43', 1),
(109, 12, 9, 1, '2015-03-06 09:10:23', 0),
(110, 12, 9, 1, '2015-03-06 09:10:27', 1),
(111, 12, 10, 1, '2015-03-06 09:10:39', 1),
(112, 12, 11, 1, '2015-03-06 09:10:49', 1),
(113, 12, 11, 1, '2015-03-06 09:11:21', 0),
(114, 12, 12, 1, '2015-03-06 09:11:52', 0),
(115, 12, 12, 1, '2015-03-06 09:12:12', 0),
(116, 12, 12, 1, '2015-03-06 09:13:20', 0),
(117, 12, 12, 1, '2015-03-06 09:13:27', 0),
(118, 12, 12, 1, '2015-03-06 09:14:09', 1),
(119, 12, 13, 1, '2015-03-06 09:14:43', 0),
(120, 12, 13, 1, '2015-03-06 09:14:48', 0),
(121, 12, 13, 1, '2015-03-06 09:14:53', 0),
(122, 12, 13, 1, '2015-03-06 09:15:32', 1),
(123, 12, 14, 1, '2015-03-06 09:16:03', 1),
(124, 12, 15, 1, '2015-03-06 09:16:31', 1),
(125, 12, 16, 1, '2015-03-06 09:17:10', 0),
(126, 12, 16, 1, '2015-03-06 09:17:12', 0),
(127, 12, 16, 1, '2015-03-06 09:17:37', 1),
(128, 12, 17, 1, '2015-03-06 09:18:00', 1),
(129, 12, 18, 1, '2015-03-06 09:18:32', 1),
(130, 12, 19, 1, '2015-03-06 09:19:08', 1),
(131, 12, 20, 1, '2015-03-06 09:23:42', 1),
(132, 12, 25, 1, '2015-03-06 09:24:27', 1),
(133, 12, 28, 1, '2015-03-06 09:24:39', 0),
(134, 12, 28, 1, '2015-03-06 09:24:49', 0),
(135, 12, 24, 1, '2015-03-06 09:29:32', 1),
(136, 16, 1, 1, '2015-03-06 09:36:27', 0),
(137, 13, 1, 1, '2015-03-06 09:36:33', 1),
(138, 18, 1, 1, '2015-03-06 09:36:50', 0),
(139, 19, 1, 1, '2015-03-06 09:38:32', 1),
(140, 19, 2, 1, '2015-03-06 09:41:23', 0),
(141, 17, 1, 1, '2015-03-06 09:41:23', 0),
(142, 19, 2, 1, '2015-03-06 09:42:27', 0),
(143, 18, 1, 1, '2015-03-06 09:42:59', 1),
(144, 19, 2, 1, '2015-03-06 09:43:02', 0),
(145, 19, 2, 1, '2015-03-06 09:43:39', 0),
(146, 14, 1, 1, '2015-03-06 09:43:56', 0),
(147, 19, 2, 1, '2015-03-06 09:44:23', 0),
(148, 14, 1, 1, '2015-03-06 09:44:40', 0),
(149, 20, 1, 1, '2015-03-06 09:44:47', 0),
(150, 16, 2, 1, '2015-03-06 09:44:51', 0),
(151, 14, 3, 1, '2015-03-06 09:44:51', 0),
(152, 16, 2, 1, '2015-03-06 09:45:00', 0),
(153, 13, 2, 1, '2015-03-06 09:45:36', 1),
(154, 14, 1, 1, '2015-03-06 09:45:53', 0),
(155, 14, 3, 1, '2015-03-06 09:45:57', 0),
(156, 14, 1, 1, '2015-03-06 09:46:05', 0),
(157, 14, 3, 1, '2015-03-06 09:46:05', 0),
(158, 20, 1, 1, '2015-03-06 09:47:13', 0),
(159, 18, 9, 1, '2015-03-06 09:47:48', 1),
(160, 16, 3, 1, '2015-03-06 09:47:49', 0),
(161, 16, 3, 1, '2015-03-06 09:47:58', 0),
(162, 17, 2, 1, '2015-03-06 09:48:06', 0),
(163, 16, 3, 1, '2015-03-06 09:48:08', 0),
(164, 16, 3, 1, '2015-03-06 09:48:47', 0),
(165, 17, 2, 1, '2015-03-06 09:49:04', 0),
(166, 16, 3, 1, '2015-03-06 09:49:11', 0),
(167, 16, 3, 1, '2015-03-06 09:49:12', 0),
(168, 21, 1, 1, '2015-03-06 09:49:27', 0),
(169, 16, 3, 1, '2015-03-06 09:49:27', 0),
(170, 17, 2, 1, '2015-03-06 09:49:34', 0),
(171, 16, 3, 1, '2015-03-06 09:50:16', 0),
(172, 16, 3, 1, '2015-03-06 09:50:18', 0),
(173, 16, 3, 1, '2015-03-06 09:50:24', 0),
(174, 16, 3, 1, '2015-03-06 09:50:29', 0),
(175, 18, 2, 1, '2015-03-06 09:50:32', 0),
(176, 14, 3, 1, '2015-03-06 09:50:50', 0),
(177, 14, 9, 1, '2015-03-06 09:51:02', 0),
(178, 14, 3, 1, '2015-03-06 09:51:17', 0),
(179, 14, 3, 1, '2015-03-06 09:51:36', 0),
(180, 17, 2, 1, '2015-03-06 09:51:49', 0),
(181, 14, 3, 1, '2015-03-06 09:51:50', 0),
(182, 21, 1, 1, '2015-03-06 09:51:56', 0),
(183, 21, 1, 1, '2015-03-06 09:52:10', 0),
(184, 17, 2, 1, '2015-03-06 09:52:22', 1),
(185, 18, 2, 1, '2015-03-06 09:52:48', 0),
(186, 16, 9, 1, '2015-03-06 09:53:37', 0),
(187, 21, 1, 1, '2015-03-06 09:53:50', 0),
(188, 14, 1, 1, '2015-03-06 09:54:02', 0),
(189, 21, 1, 1, '2015-03-06 09:54:13', 0),
(190, 21, 1, 1, '2015-03-06 09:54:25', 0),
(191, 13, 3, 1, '2015-03-06 09:54:41', 0),
(192, 15, 1, 1, '2015-03-06 09:54:44', 0),
(193, 13, 3, 1, '2015-03-06 09:54:44', 0),
(194, 13, 3, 1, '2015-03-06 09:54:45', 0),
(195, 18, 2, 1, '2015-03-06 09:55:03', 0),
(196, 18, 3, 1, '2015-03-06 09:55:17', 0),
(197, 21, 1, 1, '2015-03-06 09:55:22', 0),
(198, 21, 1, 1, '2015-03-06 09:55:37', 0),
(199, 21, 1, 1, '2015-03-06 09:55:54', 0),
(200, 21, 1, 1, '2015-03-06 09:56:09', 0),
(201, 15, 2, 1, '2015-03-06 09:56:21', 0),
(202, 21, 1, 1, '2015-03-06 09:56:24', 0),
(203, 16, 1, 1, '2015-03-06 09:57:01', 0),
(204, 16, 1, 1, '2015-03-06 09:57:18', 0),
(205, 20, 25, 1, '2015-03-06 09:57:32', 0),
(206, 15, 3, 1, '2015-03-06 09:57:42', 0),
(207, 15, 3, 1, '2015-03-06 09:57:46', 0),
(208, 21, 1, 1, '2015-03-06 09:58:19', 0),
(209, 16, 1, 1, '2015-03-06 09:58:47', 0),
(210, 18, 3, 1, '2015-03-06 09:58:53', 1),
(211, 19, 2, 1, '2015-03-06 09:59:09', 1),
(212, 13, 3, 1, '2015-03-06 09:59:26', 0),
(213, 16, 8, 1, '2015-03-06 09:59:27', 0),
(214, 13, 3, 1, '2015-03-06 09:59:32', 0),
(215, 14, 4, 1, '2015-03-06 10:00:01', 0),
(216, 21, 1, 1, '2015-03-06 10:00:12', 0),
(217, 16, 2, 1, '2015-03-06 10:00:20', 0),
(218, 16, 2, 1, '2015-03-06 10:00:25', 0),
(219, 18, 4, 1, '2015-03-06 10:00:35', 0),
(220, 16, 2, 1, '2015-03-06 10:00:35', 0),
(221, 16, 2, 1, '2015-03-06 10:00:39', 0),
(222, 21, 1, 1, '2015-03-06 10:00:48', 0),
(223, 21, 1, 1, '2015-03-06 10:01:00', 0),
(224, 20, 20, 1, '2015-03-06 10:01:04', 0),
(225, 21, 1, 1, '2015-03-06 10:01:23', 0),
(226, 21, 1, 1, '2015-03-06 10:02:22', 0),
(227, 19, 4, 1, '2015-03-06 10:03:01', 0),
(228, 18, 4, 1, '2015-03-06 10:03:14', 0),
(229, 21, 3, 1, '2015-03-06 10:03:15', 0),
(230, 21, 3, 1, '2015-03-06 10:03:28', 0),
(231, 21, 3, 1, '2015-03-06 10:04:05', 0),
(232, 16, 2, 1, '2015-03-06 10:04:06', 1),
(233, 21, 3, 1, '2015-03-06 10:04:48', 0),
(234, 21, 3, 1, '2015-03-06 10:04:57', 0),
(235, 21, 3, 1, '2015-03-06 10:05:11', 0),
(236, 18, 11, 1, '2015-03-06 10:05:23', 0),
(237, 16, 1, 1, '2015-03-06 10:05:23', 0),
(238, 14, 2, 1, '2015-03-06 10:05:24', 0),
(239, 16, 1, 1, '2015-03-06 10:05:55', 0),
(240, 18, 4, 1, '2015-03-06 10:05:56', 0),
(241, 17, 1, 1, '2015-03-06 10:06:25', 1),
(242, 16, 1, 1, '2015-03-06 10:06:27', 0),
(243, 21, 4, 1, '2015-03-06 10:06:46', 0),
(244, 21, 4, 1, '2015-03-06 10:07:33', 0),
(245, 21, 4, 1, '2015-03-06 10:07:41', 0),
(246, 23, 2, 1, '2015-03-06 10:07:50', 0),
(247, 23, 2, 1, '2015-03-06 10:08:01', 0),
(248, 23, 2, 1, '2015-03-06 10:08:13', 0),
(249, 23, 2, 1, '2015-03-06 10:08:24', 0),
(250, 21, 5, 1, '2015-03-06 10:08:45', 0),
(251, 14, 11, 1, '2015-03-06 10:08:59', 0),
(252, 21, 5, 1, '2015-03-06 10:08:59', 0),
(253, 20, 23, 1, '2015-03-06 10:09:05', 0),
(254, 14, 11, 1, '2015-03-06 10:09:49', 0),
(255, 16, 14, 1, '2015-03-06 10:09:58', 0),
(256, 14, 11, 1, '2015-03-06 10:10:00', 0),
(257, 27, 1, 1, '2015-03-06 10:10:01', 0),
(258, 21, 7, 1, '2015-03-06 10:10:03', 0),
(259, 17, 7, 1, '2015-03-06 10:10:07', 1),
(260, 16, 14, 1, '2015-03-06 10:10:13', 0),
(261, 13, 5, 1, '2015-03-06 10:10:18', 0),
(262, 16, 14, 1, '2015-03-06 10:10:24', 0),
(263, 14, 11, 1, '2015-03-06 10:10:28', 0),
(264, 15, 9, 1, '2015-03-06 10:10:32', 1),
(265, 21, 7, 1, '2015-03-06 10:10:42', 1),
(266, 27, 8, 1, '2015-03-06 10:11:12', 0),
(267, 14, 7, 1, '2015-03-06 10:11:13', 1),
(268, 13, 5, 1, '2015-03-06 10:11:20', 0),
(269, 16, 14, 1, '2015-03-06 10:11:20', 0),
(270, 13, 5, 1, '2015-03-06 10:11:24', 0),
(271, 14, 11, 1, '2015-03-06 10:11:36', 0),
(272, 17, 9, 1, '2015-03-06 10:12:06', 1),
(273, 13, 5, 1, '2015-03-06 10:12:09', 0),
(274, 18, 12, 1, '2015-03-06 10:12:23', 0),
(275, 18, 12, 1, '2015-03-06 10:12:33', 0),
(276, 22, 7, 1, '2015-03-06 10:12:59', 0),
(277, 14, 11, 1, '2015-03-06 10:13:07', 0),
(278, 14, 11, 1, '2015-03-06 10:13:19', 0),
(279, 18, 12, 1, '2015-03-06 10:13:19', 0),
(280, 18, 12, 1, '2015-03-06 10:13:25', 0),
(281, 20, 8, 1, '2015-03-06 10:13:47', 0),
(282, 19, 5, 1, '2015-03-06 10:13:54', 0),
(283, 22, 7, 1, '2015-03-06 10:14:17', 0),
(284, 13, 5, 1, '2015-03-06 10:14:29', 0),
(285, 14, 11, 1, '2015-03-06 10:14:30', 0),
(286, 26, 23, 1, '2015-03-06 10:14:36', 0),
(287, 22, 7, 1, '2015-03-06 10:15:10', 0),
(288, 26, 23, 1, '2015-03-06 10:15:25', 0),
(289, 22, 7, 1, '2015-03-06 10:15:32', 1),
(290, 18, 12, 1, '2015-03-06 10:15:46', 0),
(291, 26, 23, 1, '2015-03-06 10:15:47', 0),
(292, 27, 8, 1, '2015-03-06 10:15:54', 0),
(293, 26, 23, 1, '2015-03-06 10:15:59', 0),
(294, 23, 3, 1, '2015-03-06 10:16:07', 0),
(295, 26, 23, 1, '2015-03-06 10:16:10', 0),
(296, 27, 8, 1, '2015-03-06 10:16:11', 0),
(297, 23, 3, 1, '2015-03-06 10:16:15', 0),
(298, 21, 6, 1, '2015-03-06 10:16:16', 0),
(299, 26, 23, 1, '2015-03-06 10:16:26', 0),
(300, 26, 23, 1, '2015-03-06 10:16:34', 0),
(301, 26, 23, 1, '2015-03-06 10:16:49', 0),
(302, 23, 3, 1, '2015-03-06 10:16:55', 0),
(303, 27, 8, 1, '2015-03-06 10:16:57', 0),
(304, 14, 11, 1, '2015-03-06 10:18:17', 0),
(305, 26, 3, 1, '2015-03-06 10:18:18', 0),
(306, 14, 11, 1, '2015-03-06 10:18:30', 1),
(307, 26, 3, 1, '2015-03-06 10:18:37', 0),
(308, 28, 24, 1, '2015-03-06 10:19:17', 0),
(309, 18, 6, 1, '2015-03-06 10:19:26', 0),
(310, 28, 24, 1, '2015-03-06 10:19:43', 0),
(311, 26, 3, 1, '2015-03-06 10:19:50', 0),
(312, 21, 6, 1, '2015-03-06 10:20:22', 1),
(313, 18, 7, 1, '2015-03-06 10:20:25', 0),
(314, 18, 7, 1, '2015-03-06 10:20:47', 0),
(315, 28, 24, 1, '2015-03-06 10:20:48', 0),
(316, 18, 7, 1, '2015-03-06 10:20:54', 0),
(317, 28, 24, 1, '2015-03-06 10:21:22', 0),
(318, 18, 19, 1, '2015-03-06 10:21:33', 0),
(319, 16, 11, 1, '2015-03-06 10:21:37', 0),
(320, 18, 7, 1, '2015-03-06 10:21:42', 0),
(321, 18, 14, 1, '2015-03-06 10:21:51', 0),
(322, 26, 3, 1, '2015-03-06 10:21:53', 0),
(323, 18, 14, 1, '2015-03-06 10:22:03', 0),
(324, 26, 3, 1, '2015-03-06 10:22:07', 0),
(325, 18, 7, 1, '2015-03-06 10:22:11', 0),
(326, 18, 14, 1, '2015-03-06 10:22:14', 0),
(327, 16, 15, 1, '2015-03-06 10:22:26', 0),
(328, 18, 14, 1, '2015-03-06 10:22:30', 0),
(329, 18, 14, 1, '2015-03-06 10:22:36', 0),
(330, 16, 11, 1, '2015-03-06 10:22:37', 1),
(331, 14, 8, 1, '2015-03-06 10:22:55', 0),
(332, 18, 14, 1, '2015-03-06 10:22:58', 0),
(333, 17, 15, 1, '2015-03-06 10:23:10', 0),
(334, 14, 8, 1, '2015-03-06 10:23:18', 0),
(335, 26, 3, 1, '2015-03-06 10:23:28', 0),
(336, 18, 14, 1, '2015-03-06 10:23:32', 0),
(337, 18, 14, 1, '2015-03-06 10:23:36', 0),
(338, 18, 14, 1, '2015-03-06 10:23:42', 0),
(339, 26, 3, 1, '2015-03-06 10:23:49', 0),
(340, 14, 9, 1, '2015-03-06 10:23:55', 0),
(341, 17, 15, 1, '2015-03-06 10:24:01', 1),
(342, 18, 7, 1, '2015-03-06 10:24:08', 0),
(343, 18, 7, 1, '2015-03-06 10:24:19', 1),
(344, 20, 11, 1, '2015-03-06 10:24:31', 0),
(345, 17, 16, 1, '2015-03-06 10:24:40', 0),
(346, 17, 16, 1, '2015-03-06 10:24:44', 0),
(347, 14, 9, 1, '2015-03-06 10:24:46', 0),
(348, 17, 16, 1, '2015-03-06 10:24:48', 0),
(349, 26, 21, 1, '2015-03-06 10:24:49', 0),
(350, 14, 9, 1, '2015-03-06 10:24:50', 0),
(351, 17, 16, 1, '2015-03-06 10:24:52', 0),
(352, 17, 16, 1, '2015-03-06 10:24:55', 0),
(353, 17, 16, 1, '2015-03-06 10:24:58', 0),
(354, 17, 16, 1, '2015-03-06 10:25:02', 0),
(355, 14, 9, 1, '2015-03-06 10:25:02', 0),
(356, 26, 21, 1, '2015-03-06 10:25:10', 0),
(357, 14, 9, 1, '2015-03-06 10:25:21', 0),
(358, 15, 14, 1, '2015-03-06 10:25:22', 0),
(359, 26, 21, 1, '2015-03-06 10:25:27', 0),
(360, 14, 9, 1, '2015-03-06 10:25:33', 0),
(361, 15, 14, 1, '2015-03-06 10:25:34', 0),
(362, 20, 11, 1, '2015-03-06 10:25:41', 0),
(363, 15, 14, 1, '2015-03-06 10:25:54', 0),
(364, 20, 11, 1, '2015-03-06 10:25:57', 1),
(365, 19, 7, 1, '2015-03-06 10:26:04', 1),
(366, 26, 21, 1, '2015-03-06 10:26:19', 0),
(367, 13, 6, 1, '2015-03-06 10:26:46', 1),
(368, 21, 1, 1, '2015-03-06 10:26:56', 0),
(369, 17, 16, 1, '2015-03-06 10:26:57', 0),
(370, 17, 16, 1, '2015-03-06 10:27:01', 0),
(371, 17, 16, 1, '2015-03-06 10:27:06', 0),
(372, 21, 1, 1, '2015-03-06 10:27:36', 0),
(373, 18, 19, 1, '2015-03-06 10:27:37', 0),
(374, 18, 19, 1, '2015-03-06 10:27:59', 0),
(375, 21, 1, 1, '2015-03-06 10:28:08', 0),
(376, 14, 3, 1, '2015-03-06 10:28:27', 0),
(377, 18, 19, 1, '2015-03-06 10:28:36', 0),
(378, 21, 6, 1, '2015-03-06 10:28:40', 0),
(379, 18, 19, 1, '2015-03-06 10:28:42', 0),
(380, 26, 18, 1, '2015-03-06 10:28:43', 0),
(381, 14, 3, 1, '2015-03-06 10:28:48', 0),
(382, 14, 3, 1, '2015-03-06 10:29:07', 0),
(383, 13, 7, 1, '2015-03-06 10:29:10', 0),
(384, 16, 15, 1, '2015-03-06 10:29:12', 1),
(385, 13, 7, 1, '2015-03-06 10:29:13', 0),
(386, 26, 18, 1, '2015-03-06 10:29:15', 0),
(387, 14, 3, 1, '2015-03-06 10:29:21', 0),
(388, 28, 21, 1, '2015-03-06 10:29:29', 0),
(389, 26, 18, 1, '2015-03-06 10:29:30', 0),
(390, 14, 3, 1, '2015-03-06 10:29:35', 0),
(391, 21, 1, 1, '2015-03-06 10:29:37', 0),
(392, 13, 7, 1, '2015-03-06 10:29:39', 0),
(393, 15, 19, 1, '2015-03-06 10:29:41', 0),
(394, 22, 6, 1, '2015-03-06 10:29:51', 1),
(395, 21, 1, 1, '2015-03-06 10:29:56', 0),
(396, 14, 3, 1, '2015-03-06 10:30:00', 0),
(397, 26, 18, 1, '2015-03-06 10:30:06', 0),
(398, 21, 1, 1, '2015-03-06 10:30:11', 0),
(399, 13, 7, 1, '2015-03-06 10:30:14', 0),
(400, 20, 10, 1, '2015-03-06 10:30:16', 1),
(401, 14, 3, 1, '2015-03-06 10:30:20', 0),
(402, 28, 21, 1, '2015-03-06 10:30:27', 0),
(403, 16, 16, 1, '2015-03-06 10:30:28', 0),
(404, 13, 7, 1, '2015-03-06 10:30:30', 0),
(405, 21, 1, 1, '2015-03-06 10:30:34', 0),
(406, 14, 3, 1, '2015-03-06 10:30:37', 0),
(407, 14, 3, 1, '2015-03-06 10:30:38', 0),
(408, 16, 16, 1, '2015-03-06 10:30:49', 0),
(409, 15, 19, 1, '2015-03-06 10:30:52', 0),
(410, 13, 7, 1, '2015-03-06 10:30:54', 1),
(411, 14, 3, 1, '2015-03-06 10:30:57', 0),
(412, 14, 3, 1, '2015-03-06 10:31:16', 0),
(413, 21, 5, 1, '2015-03-06 10:31:20', 0),
(414, 20, 9, 1, '2015-03-06 10:31:28', 0),
(415, 26, 18, 1, '2015-03-06 10:31:31', 0),
(416, 20, 9, 1, '2015-03-06 10:31:44', 0),
(417, 28, 21, 1, '2015-03-06 10:31:49', 0),
(418, 14, 3, 1, '2015-03-06 10:31:52', 0),
(419, 15, 19, 1, '2015-03-06 10:32:01', 0),
(420, 20, 9, 1, '2015-03-06 10:32:26', 0),
(421, 16, 3, 1, '2015-03-06 10:32:27', 0),
(422, 28, 21, 1, '2015-03-06 10:32:35', 0),
(423, 14, 3, 1, '2015-03-06 10:32:46', 0),
(424, 20, 9, 1, '2015-03-06 10:32:48', 0),
(425, 28, 21, 1, '2015-03-06 10:33:05', 0),
(426, 28, 21, 1, '2015-03-06 10:33:16', 0),
(427, 14, 3, 1, '2015-03-06 10:33:31', 0),
(428, 16, 3, 1, '2015-03-06 10:33:33', 0),
(429, 14, 3, 1, '2015-03-06 10:33:34', 0),
(430, 14, 3, 1, '2015-03-06 10:33:43', 0),
(431, 23, 1, 1, '2015-03-06 10:33:43', 0),
(432, 14, 3, 1, '2015-03-06 10:33:54', 0),
(433, 20, 9, 1, '2015-03-06 10:34:07', 1),
(434, 14, 3, 1, '2015-03-06 10:34:13', 0),
(435, 27, 28, 1, '2015-03-06 10:34:22', 0),
(436, 26, 22, 1, '2015-03-06 10:34:23', 0),
(437, 25, 1, 1, '2015-03-06 10:35:00', 1),
(438, 26, 22, 1, '2015-03-06 10:35:10', 0),
(439, 27, 28, 1, '2015-03-06 10:35:17', 0),
(440, 26, 22, 1, '2015-03-06 10:35:23', 0),
(441, 26, 22, 1, '2015-03-06 10:35:40', 0),
(442, 26, 22, 1, '2015-03-06 10:36:02', 0),
(443, 27, 28, 1, '2015-03-06 10:36:04', 0),
(444, 3, 19, 1, '2015-03-06 10:36:30', 0),
(445, 20, 8, 1, '2015-03-06 10:36:42', 0),
(446, 3, 19, 1, '2015-03-06 10:36:45', 0),
(447, 3, 19, 1, '2015-03-06 10:37:02', 0),
(448, 26, 22, 1, '2015-03-06 10:37:24', 0),
(449, 3, 19, 1, '2015-03-06 10:37:26', 0),
(450, 19, 23, 1, '2015-03-06 10:37:36', 0),
(451, 27, 28, 1, '2015-03-06 10:37:41', 0),
(452, 19, 23, 1, '2015-03-06 10:37:53', 0),
(453, 26, 22, 1, '2015-03-06 10:38:01', 0),
(454, 19, 11, 1, '2015-03-06 10:38:15', 1),
(455, 26, 22, 1, '2015-03-06 10:38:18', 0),
(456, 18, 19, 1, '2015-03-06 10:38:22', 0),
(457, 18, 18, 1, '2015-03-06 10:38:23', 0),
(458, 26, 22, 1, '2015-03-06 10:38:30', 0),
(459, 18, 19, 1, '2015-03-06 10:38:35', 0),
(460, 21, 3, 1, '2015-03-06 10:38:36', 0),
(461, 18, 19, 1, '2015-03-06 10:38:40', 0),
(462, 16, 23, 1, '2015-03-06 10:38:42', 0),
(463, 26, 22, 1, '2015-03-06 10:38:42', 0),
(464, 21, 3, 1, '2015-03-06 10:39:13', 0),
(465, 21, 3, 1, '2015-03-06 10:39:31', 0),
(466, 22, 8, 1, '2015-03-06 10:39:35', 0),
(467, 22, 8, 1, '2015-03-06 10:39:40', 0),
(468, 26, 22, 1, '2015-03-06 10:39:47', 0),
(469, 20, 13, 1, '2015-03-06 10:40:16', 0),
(470, 26, 22, 1, '2015-03-06 10:40:20', 0),
(471, 25, 33, 1, '2015-03-06 10:40:38', 0),
(472, 25, 33, 1, '2015-03-06 10:40:39', 0),
(473, 17, 17, 1, '2015-03-06 10:41:00', 1),
(474, 26, 22, 1, '2015-03-06 10:41:08', 0),
(475, 20, 13, 1, '2015-03-06 10:41:40', 0),
(476, 13, 8, 1, '2015-03-06 10:42:08', 0),
(477, 26, 22, 1, '2015-03-06 10:42:12', 0),
(478, 17, 18, 1, '2015-03-06 10:42:17', 0),
(479, 16, 21, 1, '2015-03-06 10:42:36', 0),
(480, 16, 21, 1, '2015-03-06 10:42:37', 0),
(481, 17, 18, 1, '2015-03-06 10:42:42', 0),
(482, 13, 8, 1, '2015-03-06 10:42:45', 0),
(483, 17, 18, 1, '2015-03-06 10:42:46', 0),
(484, 18, 19, 1, '2015-03-06 10:42:50', 0),
(485, 18, 19, 1, '2015-03-06 10:42:58', 0),
(486, 26, 1, 1, '2015-03-06 10:43:19', 0),
(487, 26, 1, 1, '2015-03-06 10:43:48', 0),
(488, 22, 8, 1, '2015-03-06 10:43:49', 0),
(489, 21, 11, 1, '2015-03-06 10:43:58', 0),
(490, 21, 11, 1, '2015-03-06 10:44:11', 0),
(491, 17, 18, 1, '2015-03-06 10:44:25', 1),
(492, 21, 11, 1, '2015-03-06 10:45:00', 0),
(493, 19, 13, 1, '2015-03-06 10:45:04', 0),
(494, 19, 13, 1, '2015-03-06 10:45:07', 0),
(495, 19, 13, 1, '2015-03-06 10:45:14', 0),
(496, 19, 13, 1, '2015-03-06 10:45:17', 0),
(497, 19, 13, 1, '2015-03-06 10:45:25', 0),
(498, 19, 13, 1, '2015-03-06 10:45:30', 0),
(499, 19, 13, 1, '2015-03-06 10:45:32', 0),
(500, 19, 13, 1, '2015-03-06 10:45:39', 0),
(501, 19, 13, 1, '2015-03-06 10:45:41', 0),
(502, 19, 13, 1, '2015-03-06 10:45:42', 0),
(503, 19, 13, 1, '2015-03-06 10:45:44', 0),
(504, 19, 13, 1, '2015-03-06 10:45:46', 0),
(505, 19, 13, 1, '2015-03-06 10:45:48', 0),
(506, 19, 13, 1, '2015-03-06 10:45:50', 0),
(507, 19, 13, 1, '2015-03-06 10:45:52', 0),
(508, 22, 9, 1, '2015-03-06 10:45:53', 0),
(509, 19, 13, 1, '2015-03-06 10:45:56', 0),
(510, 26, 1, 1, '2015-03-06 10:45:56', 0),
(511, 19, 13, 1, '2015-03-06 10:45:58', 0),
(512, 19, 13, 1, '2015-03-06 10:45:59', 0),
(513, 19, 13, 1, '2015-03-06 10:46:01', 0),
(514, 13, 9, 1, '2015-03-06 10:46:02', 1),
(515, 19, 13, 1, '2015-03-06 10:46:04', 0),
(516, 19, 13, 1, '2015-03-06 10:46:17', 0),
(517, 19, 13, 1, '2015-03-06 10:46:20', 0),
(518, 19, 13, 1, '2015-03-06 10:46:22', 0),
(519, 19, 13, 1, '2015-03-06 10:46:24', 0),
(520, 19, 13, 1, '2015-03-06 10:46:27', 0),
(521, 19, 13, 1, '2015-03-06 10:46:29', 0),
(522, 19, 13, 1, '2015-03-06 10:46:31', 0),
(523, 19, 13, 1, '2015-03-06 10:46:36', 0),
(524, 19, 13, 1, '2015-03-06 10:46:39', 0),
(525, 19, 13, 1, '2015-03-06 10:46:46', 0),
(526, 19, 13, 1, '2015-03-06 10:46:48', 0),
(527, 19, 13, 1, '2015-03-06 10:46:51', 0),
(528, 19, 13, 1, '2015-03-06 10:46:57', 0),
(529, 19, 13, 1, '2015-03-06 10:47:00', 0),
(530, 19, 13, 1, '2015-03-06 10:47:02', 0),
(531, 19, 13, 1, '2015-03-06 10:47:05', 0),
(532, 14, 6, 1, '2015-03-06 10:47:38', 0),
(533, 21, 11, 1, '2015-03-06 10:48:58', 0),
(534, 21, 11, 1, '2015-03-06 10:49:02', 0),
(535, 21, 11, 1, '2015-03-06 10:49:05', 0),
(536, 21, 11, 1, '2015-03-06 10:49:07', 0),
(537, 21, 17, 1, '2015-03-06 10:49:22', 0),
(538, 21, 23, 1, '2015-03-06 10:51:49', 0),
(539, 16, 3, 1, '2015-03-06 10:52:39', 0),
(540, 16, 18, 1, '2015-03-06 10:53:13', 0),
(541, 22, 8, 1, '2015-03-06 10:54:27', 0),
(542, 20, 14, 1, '2015-03-06 10:54:31', 0),
(543, 20, 14, 1, '2015-03-06 10:54:37', 0),
(544, 15, 18, 1, '2015-03-06 10:55:15', 0),
(545, 18, 25, 1, '2015-03-06 10:55:17', 0),
(546, 23, 8, 1, '2015-03-06 10:55:21', 0),
(547, 15, 18, 1, '2015-03-06 10:55:22', 0),
(548, 20, 14, 1, '2015-03-06 10:55:54', 0),
(549, 14, 6, 1, '2015-03-06 10:56:12', 0),
(550, 15, 29, 1, '2015-03-06 10:56:36', 0),
(551, 13, 11, 1, '2015-03-06 10:56:46', 0),
(552, 16, 3, 1, '2015-03-06 10:56:46', 1),
(553, 14, 13, 1, '2015-03-06 10:57:04', 0),
(554, 13, 11, 1, '2015-03-06 10:57:17', 0),
(555, 13, 11, 1, '2015-03-06 10:57:19', 0),
(556, 14, 13, 1, '2015-03-06 10:57:32', 0),
(557, 28, 21, 1, '2015-03-06 10:57:39', 0),
(558, 18, 19, 1, '2015-03-06 10:57:41', 0),
(559, 18, 19, 1, '2015-03-06 10:57:44', 0),
(560, 23, 8, 1, '2015-03-06 10:57:44', 0),
(561, 21, 11, 1, '2015-03-06 10:57:45', 0),
(562, 23, 8, 1, '2015-03-06 10:57:47', 0),
(563, 14, 13, 1, '2015-03-06 10:57:49', 0),
(564, 18, 19, 1, '2015-03-06 10:57:52', 0),
(565, 18, 19, 1, '2015-03-06 10:57:57', 0),
(566, 13, 11, 1, '2015-03-06 10:58:00', 0),
(567, 13, 11, 1, '2015-03-06 10:58:07', 0),
(568, 13, 11, 1, '2015-03-06 10:58:08', 0),
(569, 13, 11, 1, '2015-03-06 10:58:27', 1),
(570, 19, 23, 1, '2015-03-06 10:58:30', 0),
(571, 15, 23, 1, '2015-03-06 10:58:32', 0),
(572, 18, 19, 1, '2015-03-06 10:58:40', 0),
(573, 20, 14, 1, '2015-03-06 10:59:42', 0),
(574, 26, 20, 1, '2015-03-06 10:59:43', 0),
(575, 20, 14, 1, '2015-03-06 10:59:58', 0),
(576, 18, 19, 1, '2015-03-06 11:00:13', 0),
(577, 16, 18, 1, '2015-03-06 11:00:39', 1),
(578, 18, 25, 1, '2015-03-06 11:01:35', 1),
(579, 19, 23, 1, '2015-03-06 11:01:59', 0),
(580, 28, 21, 1, '2015-03-06 11:02:39', 0),
(581, 15, 32, 1, '2015-03-06 11:02:39', 0),
(582, 28, 21, 1, '2015-03-06 11:02:46', 0),
(583, 28, 21, 1, '2015-03-06 11:02:50', 0),
(584, 28, 21, 1, '2015-03-06 11:02:58', 0),
(585, 28, 21, 1, '2015-03-06 11:03:28', 0),
(586, 28, 21, 1, '2015-03-06 11:03:38', 0),
(587, 18, 28, 1, '2015-03-06 11:03:39', 0),
(588, 25, 5, 1, '2015-03-06 11:03:50', 0),
(589, 25, 5, 1, '2015-03-06 11:04:03', 0),
(590, 14, 7, 1, '2015-03-06 11:04:25', 0),
(591, 18, 28, 1, '2015-03-06 11:04:33', 0),
(592, 26, 29, 1, '2015-03-06 11:04:35', 0),
(593, 25, 5, 1, '2015-03-06 11:04:37', 0),
(594, 18, 28, 1, '2015-03-06 11:04:39', 0),
(595, 20, 23, 1, '2015-03-06 11:04:56', 0),
(596, 16, 15, 1, '2015-03-06 11:05:18', 0),
(597, 16, 15, 1, '2015-03-06 11:05:20', 0),
(598, 16, 15, 1, '2015-03-06 11:05:20', 0),
(599, 22, 10, 1, '2015-03-06 11:05:25', 0),
(600, 18, 28, 1, '2015-03-06 11:05:26', 0),
(601, 14, 7, 1, '2015-03-06 11:05:29', 0),
(602, 21, 11, 1, '2015-03-06 11:05:30', 0),
(603, 20, 23, 1, '2015-03-06 11:05:38', 0),
(604, 27, 1, 1, '2015-03-06 11:05:55', 1),
(605, 21, 11, 1, '2015-03-06 11:05:55', 0),
(606, 28, 32, 1, '2015-03-06 11:05:59', 0),
(607, 17, 21, 1, '2015-03-06 11:06:14', 0),
(608, 21, 11, 1, '2015-03-06 11:06:15', 0),
(609, 21, 11, 1, '2015-03-06 11:06:19', 0),
(610, 26, 29, 1, '2015-03-06 11:06:21', 0),
(611, 21, 11, 1, '2015-03-06 11:06:29', 0),
(612, 17, 21, 1, '2015-03-06 11:06:49', 0),
(613, 21, 11, 1, '2015-03-06 11:06:51', 0),
(614, 17, 21, 1, '2015-03-06 11:07:22', 0),
(615, 20, 1, 1, '2015-03-06 11:07:49', 1),
(616, 22, 13, 1, '2015-03-06 11:08:08', 0),
(617, 26, 29, 1, '2015-03-06 11:08:13', 0),
(618, 28, 32, 1, '2015-03-06 11:08:19', 0),
(619, 17, 21, 1, '2015-03-06 11:08:20', 0),
(620, 16, 21, 1, '2015-03-06 11:08:21', 1),
(621, 26, 29, 1, '2015-03-06 11:09:02', 0),
(622, 28, 9, 1, '2015-03-06 11:09:05', 0),
(623, 17, 21, 1, '2015-03-06 11:09:17', 0),
(624, 22, 11, 1, '2015-03-06 11:09:52', 0),
(625, 16, 22, 1, '2015-03-06 11:10:03', 0),
(626, 16, 22, 1, '2015-03-06 11:10:12', 0),
(627, 22, 11, 1, '2015-03-06 11:10:13', 0),
(628, 16, 22, 1, '2015-03-06 11:10:18', 0),
(629, 14, 3, 1, '2015-03-06 11:10:38', 0),
(630, 16, 22, 1, '2015-03-06 11:10:43', 0),
(631, 22, 11, 1, '2015-03-06 11:10:44', 0),
(632, 16, 22, 1, '2015-03-06 11:10:46', 0),
(633, 20, 2, 1, '2015-03-06 11:10:52', 0),
(634, 21, 9, 1, '2015-03-06 11:11:08', 0),
(635, 16, 23, 1, '2015-03-06 11:11:11', 0),
(636, 27, 2, 1, '2015-03-06 11:11:18', 0),
(637, 16, 23, 1, '2015-03-06 11:11:23', 0),
(638, 27, 2, 1, '2015-03-06 11:11:29', 0),
(639, 16, 23, 1, '2015-03-06 11:11:41', 0),
(640, 15, 10, 1, '2015-03-06 11:11:50', 0),
(641, 16, 23, 1, '2015-03-06 11:11:58', 0),
(642, 16, 23, 1, '2015-03-06 11:12:05', 0),
(643, 16, 23, 1, '2015-03-06 11:12:11', 0),
(644, 18, 24, 1, '2015-03-06 11:12:15', 0),
(645, 16, 24, 1, '2015-03-06 11:13:04', 0),
(646, 14, 23, 1, '2015-03-06 11:13:46', 0),
(647, 22, 11, 1, '2015-03-06 11:14:28', 0),
(648, 22, 11, 1, '2015-03-06 11:14:40', 0),
(649, 22, 11, 1, '2015-03-06 11:14:59', 0),
(650, 13, 15, 1, '2015-03-06 11:15:05', 1),
(651, 15, 10, 1, '2015-03-06 11:15:29', 0),
(652, 16, 24, 1, '2015-03-06 11:15:56', 0),
(653, 22, 11, 1, '2015-03-06 11:15:58', 0),
(654, 22, 11, 1, '2015-03-06 11:16:05', 0),
(655, 23, 15, 1, '2015-03-06 11:16:08', 0),
(656, 20, 3, 1, '2015-03-06 11:16:12', 0),
(657, 16, 24, 1, '2015-03-06 11:16:12', 0),
(658, 22, 11, 1, '2015-03-06 11:16:24', 0),
(659, 23, 15, 1, '2015-03-06 11:16:25', 0),
(660, 22, 11, 1, '2015-03-06 11:16:32', 0),
(661, 20, 3, 1, '2015-03-06 11:16:58', 0),
(662, 20, 3, 1, '2015-03-06 11:17:10', 0),
(663, 13, 16, 1, '2015-03-06 11:17:16', 0),
(664, 19, 2, 1, '2015-03-06 11:17:28', 0),
(665, 20, 3, 1, '2015-03-06 11:17:32', 0),
(666, 19, 2, 1, '2015-03-06 11:17:40', 0),
(667, 18, 31, 1, '2015-03-06 11:18:03', 0),
(668, 19, 2, 1, '2015-03-06 11:18:04', 0),
(669, 14, 10, 1, '2015-03-06 11:18:06', 0),
(670, 18, 31, 1, '2015-03-06 11:18:08', 0),
(671, 18, 31, 1, '2015-03-06 11:18:12', 0),
(672, 18, 31, 1, '2015-03-06 11:18:14', 1),
(673, 28, 21, 1, '2015-03-06 11:18:17', 1),
(674, 13, 14, 1, '2015-03-06 11:19:30', 0),
(675, 18, 32, 1, '2015-03-06 11:20:05', 0),
(676, 18, 32, 1, '2015-03-06 11:20:15', 0),
(677, 18, 32, 1, '2015-03-06 11:20:20', 0),
(678, 18, 32, 1, '2015-03-06 11:20:25', 0),
(679, 26, 24, 1, '2015-03-06 11:20:44', 0),
(680, 15, 3, 1, '2015-03-06 11:21:05', 0),
(681, 18, 14, 1, '2015-03-06 11:21:15', 0),
(682, 18, 32, 1, '2015-03-06 11:21:30', 0),
(683, 18, 32, 1, '2015-03-06 11:21:37', 0),
(684, 26, 24, 1, '2015-03-06 11:21:46', 0),
(685, 15, 3, 1, '2015-03-06 11:21:47', 0),
(686, 15, 3, 1, '2015-03-06 11:22:15', 0),
(687, 18, 32, 1, '2015-03-06 11:22:20', 0),
(688, 15, 3, 1, '2015-03-06 11:22:43', 0),
(689, 15, 3, 1, '2015-03-06 11:22:53', 0),
(690, 22, 13, 1, '2015-03-06 11:23:06', 0),
(691, 18, 19, 1, '2015-03-06 11:23:08', 0),
(692, 15, 1, 1, '2015-03-06 11:24:09', 1),
(693, 18, 33, 1, '2015-03-06 11:24:11', 0),
(694, 16, 25, 1, '2015-03-06 11:24:22', 0),
(695, 16, 17, 1, '2015-03-06 11:24:40', 0),
(696, 16, 25, 1, '2015-03-06 11:24:46', 0),
(697, 16, 17, 1, '2015-03-06 11:24:53', 0),
(698, 18, 33, 1, '2015-03-06 11:24:57', 0),
(699, 21, 31, 1, '2015-03-06 11:24:58', 0),
(700, 16, 17, 1, '2015-03-06 11:25:01', 0),
(701, 16, 17, 1, '2015-03-06 11:25:10', 0),
(702, 17, 25, 1, '2015-03-06 11:25:23', 0),
(703, 16, 25, 1, '2015-03-06 11:25:38', 1),
(704, 19, 21, 1, '2015-03-06 11:26:05', 0),
(705, 28, 18, 1, '2015-03-06 11:26:38', 1),
(706, 26, 24, 1, '2015-03-06 11:26:55', 0),
(707, 23, 17, 1, '2015-03-06 11:27:04', 0),
(708, 26, 24, 1, '2015-03-06 11:27:08', 0),
(709, 23, 17, 1, '2015-03-06 11:27:16', 0),
(710, 23, 17, 1, '2015-03-06 11:27:34', 0),
(711, 18, 33, 1, '2015-03-06 11:27:49', 0),
(712, 16, 22, 1, '2015-03-06 11:27:57', 0),
(713, 18, 19, 1, '2015-03-06 11:27:59', 0),
(714, 26, 24, 1, '2015-03-06 11:27:59', 0),
(715, 18, 19, 1, '2015-03-06 11:28:09', 0),
(716, 16, 28, 1, '2015-03-06 11:28:25', 0),
(717, 18, 24, 1, '2015-03-06 11:28:31', 0),
(718, 18, 33, 1, '2015-03-06 11:29:06', 0),
(719, 22, 13, 1, '2015-03-06 11:29:10', 0),
(720, 18, 33, 1, '2015-03-06 11:29:14', 0),
(721, 18, 15, 1, '2015-03-06 11:29:17', 0),
(722, 15, 3, 1, '2015-03-06 11:29:25', 0),
(723, 18, 33, 1, '2015-03-06 11:29:25', 0),
(724, 18, 32, 1, '2015-03-06 11:29:39', 0),
(725, 16, 28, 1, '2015-03-06 11:29:51', 0),
(726, 16, 28, 1, '2015-03-06 11:30:01', 0),
(727, 17, 6, 1, '2015-03-06 11:30:08', 0),
(728, 16, 13, 1, '2015-03-06 11:30:31', 0),
(729, 16, 13, 1, '2015-03-06 11:30:34', 0),
(730, 16, 13, 1, '2015-03-06 11:30:36', 0),
(731, 16, 13, 1, '2015-03-06 11:30:38', 0),
(732, 16, 13, 1, '2015-03-06 11:30:40', 0),
(733, 16, 28, 1, '2015-03-06 11:30:40', 0),
(734, 20, 32, 1, '2015-03-06 11:30:44', 0),
(735, 26, 18, 1, '2015-03-06 11:30:51', 0),
(736, 16, 13, 1, '2015-03-06 11:31:00', 0),
(737, 26, 18, 1, '2015-03-06 11:31:02', 0),
(738, 16, 13, 1, '2015-03-06 11:31:03', 0),
(739, 16, 13, 1, '2015-03-06 11:31:06', 0),
(740, 16, 28, 1, '2015-03-06 11:31:06', 0),
(741, 16, 13, 1, '2015-03-06 11:31:08', 0),
(742, 16, 13, 1, '2015-03-06 11:31:09', 0),
(743, 16, 13, 1, '2015-03-06 11:31:10', 0),
(744, 16, 13, 1, '2015-03-06 11:31:11', 0),
(745, 16, 13, 1, '2015-03-06 11:31:12', 0),
(746, 22, 13, 1, '2015-03-06 11:31:12', 0),
(747, 26, 18, 1, '2015-03-06 11:31:14', 0),
(748, 16, 13, 1, '2015-03-06 11:31:15', 0),
(749, 21, 14, 1, '2015-03-06 11:31:17', 0),
(750, 16, 13, 1, '2015-03-06 11:31:17', 0),
(751, 16, 13, 1, '2015-03-06 11:31:19', 0),
(752, 20, 32, 1, '2015-03-06 11:31:19', 0),
(753, 16, 13, 1, '2015-03-06 11:31:23', 0),
(754, 26, 18, 1, '2015-03-06 11:31:28', 0),
(755, 16, 13, 1, '2015-03-06 11:31:30', 0),
(756, 20, 32, 1, '2015-03-06 11:31:34', 0),
(757, 21, 14, 1, '2015-03-06 11:31:49', 0),
(758, 18, 20, 1, '2015-03-06 11:32:12', 0),
(759, 26, 18, 1, '2015-03-06 11:32:23', 0),
(760, 22, 13, 1, '2015-03-06 11:32:48', 0),
(761, 26, 18, 1, '2015-03-06 11:32:54', 0),
(762, 22, 13, 1, '2015-03-06 11:32:56', 0),
(763, 18, 20, 1, '2015-03-06 11:33:01', 0),
(764, 16, 13, 1, '2015-03-06 11:34:20', 0),
(765, 16, 13, 1, '2015-03-06 11:34:21', 0),
(766, 16, 13, 1, '2015-03-06 11:34:24', 0),
(767, 28, 2, 1, '2015-03-06 11:34:37', 0),
(768, 16, 13, 1, '2015-03-06 11:34:39', 0),
(769, 16, 13, 1, '2015-03-06 11:34:44', 0),
(770, 16, 13, 1, '2015-03-06 11:34:46', 0),
(771, 16, 13, 1, '2015-03-06 11:34:47', 0),
(772, 26, 18, 1, '2015-03-06 11:34:53', 0),
(773, 19, 20, 1, '2015-03-06 11:35:01', 0),
(774, 26, 18, 1, '2015-03-06 11:35:22', 0),
(775, 26, 18, 1, '2015-03-06 11:35:23', 0),
(776, 26, 18, 1, '2015-03-06 11:35:32', 0),
(777, 13, 17, 1, '2015-03-06 11:35:33', 1),
(778, 18, 16, 1, '2015-03-06 11:35:55', 0),
(779, 26, 18, 1, '2015-03-06 11:36:00', 0),
(780, 18, 16, 1, '2015-03-06 11:36:09', 0),
(781, 18, 16, 1, '2015-03-06 11:36:16', 0),
(782, 18, 16, 1, '2015-03-06 11:36:23', 0),
(783, 14, 2, 1, '2015-03-06 11:36:25', 0),
(784, 18, 16, 1, '2015-03-06 11:36:26', 0),
(785, 26, 18, 1, '2015-03-06 11:36:40', 0),
(786, 16, 29, 1, '2015-03-06 11:36:41', 0),
(787, 26, 18, 1, '2015-03-06 11:36:57', 0),
(788, 26, 18, 1, '2015-03-06 11:37:16', 0),
(789, 26, 18, 1, '2015-03-06 11:37:33', 0),
(790, 20, 29, 1, '2015-03-06 11:37:38', 0),
(791, 18, 20, 1, '2015-03-06 11:37:51', 0),
(792, 20, 29, 1, '2015-03-06 11:37:51', 0),
(793, 18, 20, 1, '2015-03-06 11:37:55', 0),
(794, 20, 29, 1, '2015-03-06 11:38:07', 0),
(795, 13, 18, 1, '2015-03-06 11:38:17', 1),
(796, 15, 7, 1, '2015-03-06 11:38:17', 0),
(797, 17, 33, 1, '2015-03-06 11:38:17', 0),
(798, 29, 1, 1, '2015-03-06 11:38:20', 1),
(799, 20, 29, 1, '2015-03-06 11:38:20', 0),
(800, 14, 1, 1, '2015-03-06 11:38:32', 1),
(801, 15, 7, 1, '2015-03-06 11:38:43', 0),
(802, 18, 20, 1, '2015-03-06 11:38:45', 0),
(803, 26, 21, 1, '2015-03-06 11:38:50', 0),
(804, 29, 3, 1, '2015-03-06 11:39:07', 1),
(805, 26, 21, 1, '2015-03-06 11:39:16', 0),
(806, 26, 21, 1, '2015-03-06 11:39:25', 0),
(807, 26, 21, 1, '2015-03-06 11:39:26', 0),
(808, 26, 21, 1, '2015-03-06 11:39:26', 0),
(809, 26, 21, 1, '2015-03-06 11:39:37', 0),
(810, 18, 20, 1, '2015-03-06 11:39:41', 0),
(811, 26, 21, 1, '2015-03-06 11:39:48', 0),
(812, 18, 20, 1, '2015-03-06 11:39:49', 0),
(813, 26, 21, 1, '2015-03-06 11:40:17', 0),
(814, 22, 16, 1, '2015-03-06 11:40:25', 0),
(815, 26, 21, 1, '2015-03-06 11:40:43', 0),
(816, 18, 12, 1, '2015-03-06 11:40:50', 0),
(817, 26, 21, 1, '2015-03-06 11:40:55', 0),
(818, 18, 12, 1, '2015-03-06 11:40:57', 0),
(819, 27, 3, 1, '2015-03-06 11:41:14', 1),
(820, 26, 21, 1, '2015-03-06 11:41:15', 0),
(821, 16, 30, 1, '2015-03-06 11:41:16', 0),
(822, 18, 32, 1, '2015-03-06 11:41:41', 0),
(823, 26, 21, 1, '2015-03-06 11:41:43', 0),
(824, 22, 10, 1, '2015-03-06 11:42:05', 0),
(825, 16, 28, 1, '2015-03-06 11:42:06', 0),
(826, 16, 30, 1, '2015-03-06 11:42:08', 0),
(827, 18, 21, 1, '2015-03-06 11:42:17', 0),
(828, 13, 19, 1, '2015-03-06 11:42:21', 0),
(829, 18, 21, 1, '2015-03-06 11:42:23', 0),
(830, 16, 30, 1, '2015-03-06 11:42:36', 0),
(831, 18, 21, 1, '2015-03-06 11:42:47', 0),
(832, 18, 21, 1, '2015-03-06 11:42:54', 0),
(833, 26, 21, 1, '2015-03-06 11:43:09', 0),
(834, 14, 2, 1, '2015-03-06 11:43:22', 0),
(835, 16, 33, 1, '2015-03-06 11:43:25', 0),
(836, 16, 30, 1, '2015-03-06 11:43:26', 0),
(837, 16, 33, 1, '2015-03-06 11:43:29', 0),
(838, 26, 21, 1, '2015-03-06 11:43:43', 0),
(839, 14, 2, 1, '2015-03-06 11:43:44', 0),
(840, 16, 30, 1, '2015-03-06 11:43:51', 0),
(841, 17, 25, 1, '2015-03-06 11:43:52', 0),
(842, 14, 2, 1, '2015-03-06 11:43:55', 1),
(843, 14, 2, 1, '2015-03-06 11:43:57', 0),
(844, 16, 30, 1, '2015-03-06 11:44:03', 0),
(845, 18, 23, 1, '2015-03-06 11:44:12', 0),
(846, 26, 18, 1, '2015-03-06 11:44:14', 0),
(847, 18, 23, 1, '2015-03-06 11:44:20', 0),
(848, 18, 23, 1, '2015-03-06 11:44:25', 0),
(849, 15, 8, 1, '2015-03-06 11:44:32', 0),
(850, 18, 23, 1, '2015-03-06 11:44:32', 0),
(851, 17, 25, 1, '2015-03-06 11:44:45', 1),
(852, 18, 23, 1, '2015-03-06 11:44:49', 0),
(853, 16, 30, 1, '2015-03-06 11:45:09', 0),
(854, 15, 8, 1, '2015-03-06 11:45:11', 0),
(855, 15, 13, 1, '2015-03-06 11:45:20', 0),
(856, 15, 13, 1, '2015-03-06 11:45:27', 0),
(857, 15, 13, 1, '2015-03-06 11:45:38', 0),
(858, 18, 24, 1, '2015-03-06 11:45:44', 0),
(859, 26, 18, 1, '2015-03-06 11:45:47', 0),
(860, 20, 5, 1, '2015-03-06 11:46:00', 0),
(861, 17, 28, 1, '2015-03-06 11:46:19', 0),
(862, 18, 32, 1, '2015-03-06 11:46:22', 0),
(863, 16, 30, 1, '2015-03-06 11:46:36', 0),
(864, 16, 30, 1, '2015-03-06 11:46:46', 0),
(865, 26, 18, 1, '2015-03-06 11:46:52', 1),
(866, 26, 21, 1, '2015-03-06 11:47:36', 0),
(867, 18, 24, 1, '2015-03-06 11:47:51', 0),
(868, 14, 3, 1, '2015-03-06 11:48:06', 0),
(869, 16, 32, 1, '2015-03-06 11:48:09', 0),
(870, 17, 28, 1, '2015-03-06 11:48:27', 0),
(871, 17, 28, 1, '2015-03-06 11:48:29', 0),
(872, 15, 24, 1, '2015-03-06 11:48:30', 0),
(873, 17, 28, 1, '2015-03-06 11:48:33', 0),
(874, 17, 28, 1, '2015-03-06 11:48:55', 0),
(875, 13, 11, 1, '2015-03-06 11:49:39', 0),
(876, 13, 11, 1, '2015-03-06 11:49:41', 0),
(877, 13, 11, 1, '2015-03-06 11:49:43', 0),
(878, 13, 11, 1, '2015-03-06 11:49:44', 0),
(879, 13, 11, 1, '2015-03-06 11:49:45', 0),
(880, 13, 11, 1, '2015-03-06 11:49:46', 0),
(881, 18, 23, 1, '2015-03-06 11:49:46', 0),
(882, 13, 11, 1, '2015-03-06 11:49:47', 0),
(883, 13, 11, 1, '2015-03-06 11:49:48', 0),
(884, 13, 11, 1, '2015-03-06 11:50:00', 0),
(885, 13, 11, 1, '2015-03-06 11:50:05', 0),
(886, 13, 11, 1, '2015-03-06 11:50:06', 0),
(887, 26, 4, 1, '2015-03-06 11:50:07', 0),
(888, 13, 11, 1, '2015-03-06 11:50:08', 0),
(889, 26, 4, 1, '2015-03-06 11:50:13', 0),
(890, 15, 3, 1, '2015-03-06 11:50:24', 0),
(891, 16, 32, 1, '2015-03-06 11:50:26', 0),
(892, 17, 28, 1, '2015-03-06 11:50:51', 0),
(893, 17, 28, 1, '2015-03-06 11:50:54', 0),
(894, 18, 23, 1, '2015-03-06 11:51:01', 0),
(895, 13, 16, 1, '2015-03-06 11:51:10', 1),
(896, 19, 2, 1, '2015-03-06 11:51:18', 0),
(897, 17, 6, 1, '2015-03-06 11:51:28', 0),
(898, 20, 20, 1, '2015-03-06 11:51:50', 0),
(899, 20, 20, 1, '2015-03-06 11:52:12', 0),
(900, 20, 20, 1, '2015-03-06 11:52:22', 0),
(901, 20, 20, 1, '2015-03-06 11:52:27', 0),
(902, 20, 20, 1, '2015-03-06 11:52:36', 0),
(903, 16, 14, 1, '2015-03-06 11:52:40', 0),
(904, 13, 19, 1, '2015-03-06 11:53:26', 0),
(905, 14, 14, 1, '2015-03-06 11:53:32', 0),
(906, 14, 14, 1, '2015-03-06 11:53:40', 0),
(907, 20, 20, 1, '2015-03-06 11:53:47', 0),
(908, 20, 20, 1, '2015-03-06 11:53:52', 0),
(909, 18, 23, 1, '2015-03-06 11:53:54', 0),
(910, 23, 1, 1, '2015-03-06 11:53:58', 1),
(911, 20, 20, 1, '2015-03-06 11:54:15', 0),
(912, 20, 20, 1, '2015-03-06 11:54:22', 0),
(913, 18, 23, 1, '2015-03-06 11:54:26', 0),
(914, 26, 15, 1, '2015-03-06 11:54:27', 0),
(915, 18, 23, 1, '2015-03-06 11:54:31', 1),
(916, 26, 15, 1, '2015-03-06 11:54:37', 0),
(917, 18, 20, 1, '2015-03-06 11:54:41', 0),
(918, 26, 15, 1, '2015-03-06 11:54:47', 1),
(919, 18, 20, 1, '2015-03-06 11:54:50', 0),
(920, 15, 33, 1, '2015-03-06 11:54:51', 0),
(921, 18, 20, 1, '2015-03-06 11:54:56', 0),
(922, 15, 33, 1, '2015-03-06 11:54:59', 0),
(923, 18, 20, 1, '2015-03-06 11:55:02', 0),
(924, 18, 19, 1, '2015-03-06 11:55:05', 0),
(925, 13, 19, 1, '2015-03-06 11:55:25', 0),
(926, 17, 33, 1, '2015-03-06 11:55:27', 0),
(927, 17, 33, 1, '2015-03-06 11:55:43', 1),
(928, 16, 33, 1, '2015-03-06 11:56:00', 0),
(929, 16, 33, 1, '2015-03-06 11:56:10', 0),
(930, 13, 19, 1, '2015-03-06 11:56:21', 0),
(931, 26, 8, 1, '2015-03-06 11:56:22', 0),
(932, 13, 19, 1, '2015-03-06 11:56:24', 0),
(933, 26, 8, 1, '2015-03-06 11:56:44', 0),
(934, 15, 7, 1, '2015-03-06 11:56:52', 1),
(935, 18, 24, 1, '2015-03-06 11:57:43', 0),
(936, 18, 24, 1, '2015-03-06 11:57:50', 0),
(937, 13, 19, 1, '2015-03-06 11:57:55', 0),
(938, 18, 24, 1, '2015-03-06 11:57:58', 0),
(939, 13, 19, 1, '2015-03-06 11:58:02', 0),
(940, 18, 24, 1, '2015-03-06 11:58:09', 0),
(941, 18, 24, 1, '2015-03-06 11:58:13', 0),
(942, 13, 19, 1, '2015-03-06 11:58:15', 0),
(943, 16, 7, 1, '2015-03-06 11:58:17', 1),
(944, 18, 24, 1, '2015-03-06 11:58:18', 0),
(945, 19, 4, 1, '2015-03-06 11:58:22', 0),
(946, 15, 13, 1, '2015-03-06 11:59:25', 0),
(947, 16, 14, 1, '2015-03-06 12:00:17', 0),
(948, 15, 14, 1, '2015-03-06 12:00:49', 0),
(949, 25, 21, 1, '2015-03-06 12:00:56', 0),
(950, 16, 6, 1, '2015-03-06 12:01:11', 0),
(951, 18, 24, 1, '2015-03-06 12:01:50', 0),
(952, 14, 6, 1, '2015-03-06 12:01:52', 0),
(953, 18, 24, 1, '2015-03-06 12:02:08', 0),
(954, 18, 24, 1, '2015-03-06 12:02:16', 0),
(955, 28, 15, 1, '2015-03-06 12:02:26', 0),
(956, 28, 15, 1, '2015-03-06 12:02:48', 0),
(957, 18, 24, 1, '2015-03-06 12:03:08', 0),
(958, 13, 21, 1, '2015-03-06 12:03:16', 1),
(959, 28, 15, 1, '2015-03-06 12:03:25', 0),
(960, 28, 15, 1, '2015-03-06 12:03:40', 0),
(961, 19, 17, 1, '2015-03-06 12:03:42', 0),
(962, 28, 15, 1, '2015-03-06 12:03:51', 0),
(963, 19, 17, 1, '2015-03-06 12:04:01', 0),
(964, 13, 22, 1, '2015-03-06 12:04:10', 0),
(965, 15, 3, 1, '2015-03-06 12:04:18', 0),
(966, 15, 32, 1, '2015-03-06 12:04:48', 0),
(967, 28, 15, 1, '2015-03-06 12:05:10', 0),
(968, 28, 15, 1, '2015-03-06 12:05:23', 0),
(969, 15, 10, 1, '2015-03-06 12:05:44', 0),
(970, 20, 16, 1, '2015-03-06 12:05:48', 1),
(971, 28, 15, 1, '2015-03-06 12:05:49', 0),
(972, 18, 24, 1, '2015-03-06 12:06:06', 0),
(973, 18, 24, 1, '2015-03-06 12:06:20', 0),
(974, 26, 11, 1, '2015-03-06 12:06:35', 0),
(975, 16, 6, 1, '2015-03-06 12:06:42', 0),
(976, 13, 22, 1, '2015-03-06 12:06:43', 0),
(977, 13, 22, 1, '2015-03-06 12:06:48', 1),
(978, 16, 6, 1, '2015-03-06 12:06:51', 0),
(979, 27, 11, 1, '2015-03-06 12:06:59', 0),
(980, 27, 11, 1, '2015-03-06 12:07:02', 0),
(981, 17, 28, 1, '2015-03-06 12:07:05', 0),
(982, 18, 24, 1, '2015-03-06 12:07:16', 0),
(983, 18, 24, 1, '2015-03-06 12:07:23', 1),
(984, 25, 21, 1, '2015-03-06 12:07:28', 0),
(985, 26, 11, 1, '2015-03-06 12:07:38', 0),
(986, 15, 12, 1, '2015-03-06 12:07:38', 0),
(987, 27, 11, 1, '2015-03-06 12:07:41', 0),
(988, 14, 2, 1, '2015-03-06 12:07:42', 0),
(989, 27, 11, 1, '2015-03-06 12:07:47', 0),
(990, 25, 21, 1, '2015-03-06 12:07:52', 0),
(991, 28, 15, 1, '2015-03-06 12:08:08', 0),
(992, 28, 15, 1, '2015-03-06 12:08:16', 0),
(993, 13, 19, 1, '2015-03-06 12:08:26', 0),
(994, 16, 3, 1, '2015-03-06 12:08:32', 0),
(995, 27, 11, 1, '2015-03-06 12:08:34', 0),
(996, 29, 32, 1, '2015-03-06 12:08:49', 1),
(997, 18, 22, 1, '2015-03-06 12:08:50', 0),
(998, 18, 22, 1, '2015-03-06 12:08:54', 0),
(999, 18, 22, 1, '2015-03-06 12:09:01', 0),
(1000, 18, 22, 1, '2015-03-06 12:09:05', 0),
(1001, 28, 15, 1, '2015-03-06 12:09:09', 1),
(1002, 13, 19, 1, '2015-03-06 12:09:25', 0),
(1003, 13, 19, 1, '2015-03-06 12:09:26', 0),
(1004, 13, 19, 1, '2015-03-06 12:09:26', 0),
(1005, 13, 19, 1, '2015-03-06 12:09:27', 0),
(1006, 18, 22, 1, '2015-03-06 12:09:45', 0),
(1007, 18, 22, 1, '2015-03-06 12:09:48', 0),
(1008, 27, 11, 1, '2015-03-06 12:10:27', 0),
(1009, 15, 25, 1, '2015-03-06 12:10:39', 1),
(1010, 16, 10, 1, '2015-03-06 12:11:13', 0),
(1011, 26, 8, 1, '2015-03-06 12:11:19', 0),
(1012, 29, 28, 1, '2015-03-06 12:11:19', 1),
(1013, 13, 24, 1, '2015-03-06 12:11:22', 0),
(1014, 13, 24, 1, '2015-03-06 12:11:27', 0),
(1015, 13, 24, 1, '2015-03-06 12:11:28', 0),
(1016, 18, 20, 1, '2015-03-06 12:11:37', 0),
(1017, 18, 20, 1, '2015-03-06 12:11:40', 0),
(1018, 27, 11, 1, '2015-03-06 12:11:40', 0),
(1019, 29, 25, 1, '2015-03-06 12:11:43', 1),
(1020, 27, 11, 1, '2015-03-06 12:11:45', 0),
(1021, 27, 11, 1, '2015-03-06 12:11:47', 0),
(1022, 27, 11, 1, '2015-03-06 12:11:49', 0),
(1023, 26, 8, 1, '2015-03-06 12:11:49', 0),
(1024, 27, 11, 1, '2015-03-06 12:11:50', 0),
(1025, 27, 11, 1, '2015-03-06 12:11:51', 0),
(1026, 27, 11, 1, '2015-03-06 12:11:52', 0),
(1027, 27, 11, 1, '2015-03-06 12:11:54', 0),
(1028, 27, 11, 1, '2015-03-06 12:11:55', 0),
(1029, 27, 11, 1, '2015-03-06 12:11:56', 0),
(1030, 27, 11, 1, '2015-03-06 12:11:58', 0),
(1031, 27, 11, 1, '2015-03-06 12:12:01', 0),
(1032, 27, 11, 1, '2015-03-06 12:12:03', 0),
(1033, 27, 11, 1, '2015-03-06 12:12:04', 0),
(1034, 18, 20, 1, '2015-03-06 12:12:05', 0),
(1035, 29, 31, 1, '2015-03-06 12:12:07', 1),
(1036, 27, 11, 1, '2015-03-06 12:12:08', 0),
(1037, 16, 12, 1, '2015-03-06 12:12:09', 1),
(1038, 27, 11, 1, '2015-03-06 12:12:10', 0),
(1039, 27, 11, 1, '2015-03-06 12:12:11', 0),
(1040, 27, 11, 1, '2015-03-06 12:12:13', 0),
(1041, 27, 11, 1, '2015-03-06 12:12:14', 0),
(1042, 27, 11, 1, '2015-03-06 12:12:15', 0),
(1043, 13, 24, 1, '2015-03-06 12:12:15', 1),
(1044, 27, 11, 1, '2015-03-06 12:12:17', 0),
(1045, 27, 11, 1, '2015-03-06 12:12:20', 0),
(1046, 27, 11, 1, '2015-03-06 12:12:22', 0),
(1047, 27, 11, 1, '2015-03-06 12:12:24', 0),
(1048, 18, 20, 1, '2015-03-06 12:12:25', 0),
(1049, 27, 11, 1, '2015-03-06 12:12:28', 0),
(1050, 27, 11, 1, '2015-03-06 12:12:30', 0),
(1051, 29, 19, 1, '2015-03-06 12:12:33', 1),
(1052, 27, 11, 1, '2015-03-06 12:12:34', 0),
(1053, 18, 20, 1, '2015-03-06 12:12:35', 0),
(1054, 27, 11, 1, '2015-03-06 12:12:37', 0),
(1055, 27, 11, 1, '2015-03-06 12:12:38', 0),
(1056, 27, 11, 1, '2015-03-06 12:12:43', 0),
(1057, 17, 28, 1, '2015-03-06 12:12:45', 1),
(1058, 27, 11, 1, '2015-03-06 12:12:46', 0),
(1059, 27, 11, 1, '2015-03-06 12:12:49', 0),
(1060, 20, 17, 1, '2015-03-06 12:12:50', 0),
(1061, 27, 11, 1, '2015-03-06 12:12:51', 0),
(1062, 27, 11, 1, '2015-03-06 12:12:52', 0),
(1063, 15, 30, 1, '2015-03-06 12:12:56', 0),
(1064, 27, 11, 1, '2015-03-06 12:12:56', 0),
(1065, 27, 11, 1, '2015-03-06 12:13:00', 0),
(1066, 27, 11, 1, '2015-03-06 12:13:02', 0),
(1067, 27, 11, 1, '2015-03-06 12:13:04', 0),
(1068, 27, 11, 1, '2015-03-06 12:13:06', 0),
(1069, 27, 11, 1, '2015-03-06 12:13:09', 0),
(1070, 27, 11, 1, '2015-03-06 12:13:10', 0),
(1071, 27, 11, 1, '2015-03-06 12:13:12', 0),
(1072, 16, 30, 1, '2015-03-06 12:13:13', 0),
(1073, 27, 11, 1, '2015-03-06 12:13:14', 0),
(1074, 27, 11, 1, '2015-03-06 12:13:16', 0),
(1075, 16, 30, 1, '2015-03-06 12:13:16', 0),
(1076, 27, 11, 1, '2015-03-06 12:13:17', 0),
(1077, 27, 11, 1, '2015-03-06 12:13:19', 0),
(1078, 16, 30, 1, '2015-03-06 12:13:19', 0),
(1079, 27, 11, 1, '2015-03-06 12:13:21', 0),
(1080, 27, 11, 1, '2015-03-06 12:13:22', 0),
(1081, 27, 11, 1, '2015-03-06 12:13:24', 0),
(1082, 27, 11, 1, '2015-03-06 12:13:26', 0),
(1083, 27, 11, 1, '2015-03-06 12:13:28', 0),
(1084, 27, 11, 1, '2015-03-06 12:13:29', 0),
(1085, 27, 11, 1, '2015-03-06 12:13:31', 0),
(1086, 27, 11, 1, '2015-03-06 12:13:33', 0),
(1087, 29, 17, 1, '2015-03-06 12:13:34', 1),
(1088, 27, 11, 1, '2015-03-06 12:13:34', 0),
(1089, 27, 11, 1, '2015-03-06 12:13:36', 0),
(1090, 27, 11, 1, '2015-03-06 12:13:37', 0),
(1091, 27, 11, 1, '2015-03-06 12:13:40', 0),
(1092, 15, 31, 1, '2015-03-06 12:13:42', 0),
(1093, 27, 11, 1, '2015-03-06 12:13:42', 0),
(1094, 19, 32, 1, '2015-03-06 12:13:43', 0),
(1095, 15, 31, 1, '2015-03-06 12:13:47', 1),
(1096, 27, 11, 1, '2015-03-06 12:13:48', 0),
(1097, 16, 13, 1, '2015-03-06 12:13:51', 0),
(1098, 17, 32, 1, '2015-03-06 12:13:54', 0),
(1099, 17, 32, 1, '2015-03-06 12:14:14', 0),
(1100, 17, 32, 1, '2015-03-06 12:14:18', 0),
(1101, 28, 11, 1, '2015-03-06 12:14:29', 0),
(1102, 27, 11, 1, '2015-03-06 12:14:44', 0),
(1103, 27, 11, 1, '2015-03-06 12:14:55', 0),
(1104, 27, 11, 1, '2015-03-06 12:15:15', 0),
(1105, 15, 5, 1, '2015-03-06 12:15:40', 0),
(1106, 15, 5, 1, '2015-03-06 12:15:52', 0),
(1107, 20, 21, 1, '2015-03-06 12:16:52', 0),
(1108, 15, 3, 1, '2015-03-06 12:16:56', 0),
(1109, 27, 11, 1, '2015-03-06 12:16:56', 0),
(1110, 27, 11, 1, '2015-03-06 12:17:06', 0),
(1111, 20, 21, 1, '2015-03-06 12:17:17', 0),
(1112, 27, 11, 1, '2015-03-06 12:17:19', 0),
(1113, 13, 23, 1, '2015-03-06 12:17:39', 0),
(1114, 15, 19, 1, '2015-03-06 12:17:41', 0),
(1115, 17, 6, 1, '2015-03-06 12:17:48', 1),
(1116, 13, 23, 1, '2015-03-06 12:17:51', 0),
(1117, 13, 23, 1, '2015-03-06 12:17:53', 0),
(1118, 13, 23, 1, '2015-03-06 12:17:56', 0),
(1119, 16, 6, 1, '2015-03-06 12:18:13', 0),
(1120, 16, 9, 1, '2015-03-06 12:18:18', 0),
(1121, 18, 12, 1, '2015-03-06 12:18:25', 0),
(1122, 13, 23, 1, '2015-03-06 12:18:28', 0),
(1123, 13, 23, 1, '2015-03-06 12:18:29', 0),
(1124, 13, 23, 1, '2015-03-06 12:18:42', 0),
(1125, 18, 19, 1, '2015-03-06 12:19:05', 0),
(1126, 17, 32, 1, '2015-03-06 12:19:25', 1),
(1127, 26, 32, 1, '2015-03-06 12:19:29', 0),
(1128, 26, 32, 1, '2015-03-06 12:19:44', 0),
(1129, 13, 23, 1, '2015-03-06 12:19:49', 0),
(1130, 16, 22, 1, '2015-03-06 12:19:55', 0),
(1131, 26, 32, 1, '2015-03-06 12:19:56', 0),
(1132, 19, 20, 1, '2015-03-06 12:20:18', 0),
(1133, 15, 28, 1, '2015-03-06 12:20:56', 0),
(1134, 26, 32, 1, '2015-03-06 12:20:58', 0),
(1135, 19, 20, 1, '2015-03-06 12:21:12', 0),
(1136, 18, 33, 1, '2015-03-06 12:21:19', 0),
(1137, 19, 20, 1, '2015-03-06 12:21:48', 0),
(1138, 13, 23, 1, '2015-03-06 12:21:55', 0),
(1139, 13, 23, 1, '2015-03-06 12:21:56', 0),
(1140, 13, 23, 1, '2015-03-06 12:21:57', 0),
(1141, 18, 33, 1, '2015-03-06 12:21:58', 0),
(1142, 17, 5, 1, '2015-03-06 12:21:59', 0),
(1143, 26, 32, 1, '2015-03-06 12:22:14', 0),
(1144, 18, 33, 1, '2015-03-06 12:22:15', 0),
(1145, 20, 21, 1, '2015-03-06 12:22:26', 1),
(1146, 13, 23, 1, '2015-03-06 12:22:26', 0),
(1147, 13, 23, 1, '2015-03-06 12:22:44', 0),
(1148, 15, 32, 1, '2015-03-06 12:22:49', 0),
(1149, 13, 23, 1, '2015-03-06 12:22:52', 0),
(1150, 13, 23, 1, '2015-03-06 12:22:53', 0),
(1151, 18, 33, 1, '2015-03-06 12:23:20', 0),
(1152, 16, 9, 1, '2015-03-06 12:24:09', 0),
(1153, 26, 30, 1, '2015-03-06 12:24:32', 0),
(1154, 17, 4, 1, '2015-03-06 12:24:34', 0),
(1155, 26, 30, 1, '2015-03-06 12:24:38', 0),
(1156, 20, 22, 1, '2015-03-06 12:24:53', 0),
(1157, 19, 23, 1, '2015-03-06 12:25:06', 0),
(1158, 16, 9, 1, '2015-03-06 12:25:16', 0),
(1159, 26, 23, 1, '2015-03-06 12:25:42', 0),
(1160, 26, 23, 1, '2015-03-06 12:25:57', 0),
(1161, 13, 23, 1, '2015-03-06 12:26:14', 0),
(1162, 13, 23, 1, '2015-03-06 12:26:19', 0),
(1163, 13, 23, 1, '2015-03-06 12:26:26', 0),
(1164, 13, 23, 1, '2015-03-06 12:26:30', 0),
(1165, 13, 23, 1, '2015-03-06 12:26:30', 0),
(1166, 15, 21, 1, '2015-03-06 12:26:32', 0),
(1167, 18, 32, 1, '2015-03-06 12:26:45', 0),
(1168, 15, 21, 1, '2015-03-06 12:26:51', 0),
(1169, 15, 21, 1, '2015-03-06 12:26:52', 0),
(1170, 14, 15, 1, '2015-03-06 12:27:00', 1),
(1171, 15, 21, 1, '2015-03-06 12:27:11', 0),
(1172, 15, 21, 1, '2015-03-06 12:27:28', 0),
(1173, 18, 33, 1, '2015-03-06 12:27:35', 1),
(1174, 28, 12, 1, '2015-03-06 12:27:46', 0),
(1175, 15, 21, 1, '2015-03-06 12:28:06', 0),
(1176, 15, 21, 1, '2015-03-06 12:28:07', 0),
(1177, 15, 21, 1, '2015-03-06 12:28:08', 0),
(1178, 26, 23, 1, '2015-03-06 12:28:14', 0),
(1179, 26, 23, 1, '2015-03-06 12:28:21', 0),
(1180, 30, 1, 1, '2015-03-06 12:28:50', 1),
(1181, 19, 30, 1, '2015-03-06 12:28:52', 0),
(1182, 19, 30, 1, '2015-03-06 12:28:56', 0),
(1183, 15, 22, 1, '2015-03-06 12:29:43', 0),
(1184, 13, 25, 1, '2015-03-06 12:29:48', 0),
(1185, 30, 2, 1, '2015-03-06 12:29:49', 0),
(1186, 16, 30, 1, '2015-03-06 12:29:55', 0),
(1187, 30, 2, 1, '2015-03-06 12:29:56', 1),
(1188, 15, 23, 1, '2015-03-06 12:30:04', 0),
(1189, 25, 11, 1, '2015-03-06 12:30:05', 0),
(1190, 19, 23, 1, '2015-03-06 12:30:15', 0),
(1191, 30, 3, 1, '2015-03-06 12:30:19', 1),
(1192, 19, 23, 1, '2015-03-06 12:30:20', 0),
(1193, 28, 12, 1, '2015-03-06 12:30:25', 0),
(1194, 29, 2, 1, '2015-03-06 12:30:36', 1),
(1195, 30, 6, 1, '2015-03-06 12:31:02', 1),
(1196, 29, 30, 1, '2015-03-06 12:31:36', 1),
(1197, 14, 3, 1, '2015-03-06 12:31:46', 0),
(1198, 14, 3, 1, '2015-03-06 12:31:55', 0),
(1199, 13, 25, 1, '2015-03-06 12:31:56', 0),
(1200, 13, 25, 1, '2015-03-06 12:32:07', 0),
(1201, 25, 11, 1, '2015-03-06 12:32:14', 0),
(1202, 14, 3, 1, '2015-03-06 12:32:43', 0),
(1203, 25, 11, 1, '2015-03-06 12:32:43', 0),
(1204, 13, 25, 1, '2015-03-06 12:32:46', 0),
(1205, 14, 3, 1, '2015-03-06 12:32:49', 0),
(1206, 25, 11, 1, '2015-03-06 12:32:49', 0),
(1207, 14, 16, 1, '2015-03-06 12:32:55', 0),
(1208, 14, 3, 1, '2015-03-06 12:33:10', 0),
(1209, 25, 11, 1, '2015-03-06 12:33:16', 0),
(1210, 14, 3, 1, '2015-03-06 12:33:29', 0),
(1211, 14, 3, 1, '2015-03-06 12:33:34', 0),
(1212, 18, 19, 1, '2015-03-06 12:33:52', 0),
(1213, 14, 3, 1, '2015-03-06 12:34:02', 0),
(1214, 14, 3, 1, '2015-03-06 12:34:13', 0),
(1215, 23, 3, 1, '2015-03-06 12:34:33', 0),
(1216, 18, 19, 1, '2015-03-06 12:34:43', 1),
(1217, 19, 9, 1, '2015-03-06 12:34:55', 1),
(1218, 21, 4, 1, '2015-03-06 12:35:16', 0),
(1219, 13, 25, 1, '2015-03-06 12:35:27', 1),
(1220, 21, 4, 1, '2015-03-06 12:35:48', 0),
(1221, 16, 30, 1, '2015-03-06 12:36:15', 0);
INSERT INTO `challenge_attempts` (`id`, `user_id`, `challenge_id`, `class_id`, `time`, `status`) VALUES
(1222, 16, 30, 1, '2015-03-06 12:36:24', 0),
(1223, 16, 30, 1, '2015-03-06 12:36:25', 0),
(1224, 16, 30, 1, '2015-03-06 12:36:36', 0),
(1225, 16, 30, 1, '2015-03-06 12:36:47', 0),
(1226, 16, 30, 1, '2015-03-06 12:36:48', 0),
(1227, 26, 24, 1, '2015-03-06 12:37:17', 0),
(1228, 21, 3, 1, '2015-03-06 12:37:26', 0),
(1229, 18, 32, 1, '2015-03-06 12:37:36', 0),
(1230, 16, 24, 1, '2015-03-06 12:37:39', 0),
(1231, 18, 22, 1, '2015-03-06 12:37:43', 0),
(1232, 26, 24, 1, '2015-03-06 12:37:44', 0),
(1233, 18, 22, 1, '2015-03-06 12:37:51', 0),
(1234, 3, 21, 1, '2015-03-06 12:37:56', 0),
(1235, 26, 24, 1, '2015-03-06 12:37:57', 0),
(1236, 21, 1, 1, '2015-03-06 12:38:08', 1),
(1237, 3, 21, 1, '2015-03-06 12:38:20', 0),
(1238, 16, 24, 1, '2015-03-06 12:38:31', 0),
(1239, 16, 24, 1, '2015-03-06 12:38:47', 0),
(1240, 27, 23, 1, '2015-03-06 12:38:49', 0),
(1241, 27, 23, 1, '2015-03-06 12:39:09', 0),
(1242, 26, 21, 1, '2015-03-06 12:39:14', 0),
(1243, 26, 21, 1, '2015-03-06 12:39:23', 1),
(1244, 26, 24, 1, '2015-03-06 12:40:48', 0),
(1245, 22, 1, 1, '2015-03-06 12:41:14', 1),
(1246, 18, 32, 1, '2015-03-06 12:41:33', 1),
(1247, 26, 24, 1, '2015-03-06 12:41:51', 0),
(1248, 26, 24, 1, '2015-03-06 12:42:05', 0),
(1249, 27, 23, 1, '2015-03-06 12:42:09', 1),
(1250, 26, 24, 1, '2015-03-06 12:42:32', 0),
(1251, 21, 17, 1, '2015-03-06 12:42:34', 0),
(1252, 21, 17, 1, '2015-03-06 12:42:37', 0),
(1253, 21, 17, 1, '2015-03-06 12:43:11', 0),
(1254, 19, 15, 1, '2015-03-06 12:43:25', 1),
(1255, 26, 24, 1, '2015-03-06 12:43:25', 0),
(1256, 17, 9, 1, '2015-03-06 12:43:30', 0),
(1257, 25, 23, 1, '2015-03-06 12:43:47', 0),
(1258, 25, 23, 1, '2015-03-06 12:43:59', 0),
(1259, 14, 16, 1, '2015-03-06 12:44:06', 0),
(1260, 15, 32, 1, '2015-03-06 12:44:08', 0),
(1261, 15, 32, 1, '2015-03-06 12:44:11', 0),
(1262, 25, 23, 1, '2015-03-06 12:44:17', 0),
(1263, 15, 21, 1, '2015-03-06 12:44:31', 0),
(1264, 26, 24, 1, '2015-03-06 12:44:54', 0),
(1265, 21, 17, 1, '2015-03-06 12:45:39', 1),
(1266, 22, 17, 1, '2015-03-06 12:46:19', 1),
(1267, 20, 30, 1, '2015-03-06 12:46:35', 0),
(1268, 15, 21, 1, '2015-03-06 12:46:55', 0),
(1269, 15, 21, 1, '2015-03-06 12:46:57', 0),
(1270, 20, 6, 1, '2015-03-06 12:47:28', 0),
(1271, 16, 6, 1, '2015-03-06 12:47:34', 1),
(1272, 15, 21, 1, '2015-03-06 12:48:11', 0),
(1273, 26, 3, 1, '2015-03-06 12:48:15', 0),
(1274, 15, 21, 1, '2015-03-06 12:48:29', 0),
(1275, 17, 8, 1, '2015-03-06 12:48:32', 0),
(1276, 15, 21, 1, '2015-03-06 12:48:46', 0),
(1277, 16, 10, 1, '2015-03-06 12:48:49', 0),
(1278, 20, 30, 1, '2015-03-06 12:48:50', 0),
(1279, 26, 3, 1, '2015-03-06 12:49:00', 0),
(1280, 17, 8, 1, '2015-03-06 12:49:02', 0),
(1281, 18, 21, 1, '2015-03-06 12:49:05', 0),
(1282, 13, 31, 1, '2015-03-06 12:49:11', 0),
(1283, 18, 21, 1, '2015-03-06 12:49:17', 0),
(1284, 17, 8, 1, '2015-03-06 12:49:30', 0),
(1285, 16, 10, 1, '2015-03-06 12:49:57', 0),
(1286, 26, 16, 1, '2015-03-06 12:49:59', 0),
(1287, 27, 6, 1, '2015-03-06 12:50:19', 0),
(1288, 27, 6, 1, '2015-03-06 12:50:26', 0),
(1289, 14, 3, 1, '2015-03-06 12:50:36', 1),
(1290, 25, 23, 1, '2015-03-06 12:50:48', 0),
(1291, 22, 32, 1, '2015-03-06 12:51:00', 1),
(1292, 18, 28, 1, '2015-03-06 12:51:06', 1),
(1293, 15, 21, 1, '2015-03-06 12:51:07', 0),
(1294, 21, 32, 1, '2015-03-06 12:51:17', 1),
(1295, 26, 32, 1, '2015-03-06 12:51:26', 0),
(1296, 25, 23, 1, '2015-03-06 12:51:33', 0),
(1297, 25, 23, 1, '2015-03-06 12:51:33', 0),
(1298, 25, 23, 1, '2015-03-06 12:51:34', 0),
(1299, 25, 23, 1, '2015-03-06 12:51:34', 0),
(1300, 25, 23, 1, '2015-03-06 12:51:38', 0),
(1301, 25, 23, 1, '2015-03-06 12:51:39', 0),
(1302, 26, 32, 1, '2015-03-06 12:52:03', 0),
(1303, 25, 23, 1, '2015-03-06 12:52:38', 1),
(1304, 20, 24, 1, '2015-03-06 12:53:00', 0),
(1305, 20, 24, 1, '2015-03-06 12:53:07', 0),
(1306, 20, 24, 1, '2015-03-06 12:53:08', 0),
(1307, 28, 12, 1, '2015-03-06 12:53:14', 0),
(1308, 21, 31, 1, '2015-03-06 12:53:19', 0),
(1309, 15, 21, 1, '2015-03-06 12:53:24', 0),
(1310, 22, 31, 1, '2015-03-06 12:53:25', 0),
(1311, 18, 30, 1, '2015-03-06 12:53:43', 0),
(1312, 26, 10, 1, '2015-03-06 12:53:48', 0),
(1313, 16, 14, 1, '2015-03-06 12:53:56', 0),
(1314, 16, 22, 1, '2015-03-06 12:54:23', 0),
(1315, 17, 16, 1, '2015-03-06 12:54:28', 0),
(1316, 17, 16, 1, '2015-03-06 12:54:32', 0),
(1317, 26, 10, 1, '2015-03-06 12:54:40', 0),
(1318, 18, 30, 1, '2015-03-06 12:54:41', 0),
(1319, 17, 16, 1, '2015-03-06 12:54:42', 0),
(1320, 28, 12, 1, '2015-03-06 12:54:45', 0),
(1321, 13, 31, 1, '2015-03-06 12:54:50', 1),
(1322, 14, 5, 1, '2015-03-06 12:54:51', 0),
(1323, 14, 5, 1, '2015-03-06 12:54:57', 0),
(1324, 26, 10, 1, '2015-03-06 12:55:25', 0),
(1325, 15, 21, 1, '2015-03-06 12:55:28', 0),
(1326, 15, 21, 1, '2015-03-06 12:55:44', 1),
(1327, 19, 18, 1, '2015-03-06 12:55:53', 1),
(1328, 18, 30, 1, '2015-03-06 12:55:54', 0),
(1329, 18, 30, 1, '2015-03-06 12:55:55', 0),
(1330, 18, 30, 1, '2015-03-06 12:55:58', 0),
(1331, 28, 12, 1, '2015-03-06 12:56:05', 0),
(1332, 18, 30, 1, '2015-03-06 12:56:16', 0),
(1333, 26, 10, 1, '2015-03-06 12:56:47', 0),
(1334, 20, 14, 1, '2015-03-06 12:56:48', 0),
(1335, 23, 14, 1, '2015-03-06 12:57:02', 0),
(1336, 26, 10, 1, '2015-03-06 12:57:15', 0),
(1337, 17, 24, 1, '2015-03-06 12:57:20', 0),
(1338, 18, 30, 1, '2015-03-06 12:57:24', 0),
(1339, 26, 10, 1, '2015-03-06 12:57:36', 0),
(1340, 19, 23, 1, '2015-03-06 12:57:36', 0),
(1341, 15, 32, 1, '2015-03-06 12:57:39', 0),
(1342, 16, 22, 1, '2015-03-06 12:57:40', 0),
(1343, 20, 14, 1, '2015-03-06 12:57:51', 0),
(1344, 19, 13, 1, '2015-03-06 12:57:53', 1),
(1345, 18, 30, 1, '2015-03-06 12:57:57', 0),
(1346, 26, 10, 1, '2015-03-06 12:58:06', 1),
(1347, 18, 30, 1, '2015-03-06 12:58:07', 0),
(1348, 16, 32, 1, '2015-03-06 12:58:14', 0),
(1349, 16, 32, 1, '2015-03-06 12:58:29', 0),
(1350, 23, 14, 1, '2015-03-06 12:58:43', 0),
(1351, 28, 12, 1, '2015-03-06 12:58:47', 0),
(1352, 28, 12, 1, '2015-03-06 12:58:58', 0),
(1353, 28, 12, 1, '2015-03-06 12:59:16', 0),
(1354, 28, 12, 1, '2015-03-06 12:59:21', 0),
(1355, 18, 30, 1, '2015-03-06 12:59:25', 0),
(1356, 15, 32, 1, '2015-03-06 12:59:25', 0),
(1357, 15, 32, 1, '2015-03-06 12:59:26', 0),
(1358, 18, 30, 1, '2015-03-06 12:59:30', 0),
(1359, 16, 9, 1, '2015-03-06 12:59:31', 1),
(1360, 23, 14, 1, '2015-03-06 12:59:32', 0),
(1361, 18, 30, 1, '2015-03-06 12:59:35', 0),
(1362, 15, 32, 1, '2015-03-06 12:59:36', 0),
(1363, 18, 30, 1, '2015-03-06 12:59:42', 0),
(1364, 17, 20, 1, '2015-03-06 12:59:47', 0),
(1365, 18, 30, 1, '2015-03-06 12:59:51', 0),
(1366, 18, 30, 1, '2015-03-06 12:59:58', 0),
(1367, 16, 23, 1, '2015-03-06 13:00:13', 0),
(1368, 23, 14, 1, '2015-03-06 13:00:18', 0),
(1369, 18, 30, 1, '2015-03-06 13:00:18', 0),
(1370, 15, 23, 1, '2015-03-06 13:00:19', 0),
(1371, 15, 23, 1, '2015-03-06 13:00:21', 0),
(1372, 16, 23, 1, '2015-03-06 13:00:21', 0),
(1373, 18, 30, 1, '2015-03-06 13:00:26', 0),
(1374, 14, 5, 1, '2015-03-06 13:00:26', 0),
(1375, 18, 30, 1, '2015-03-06 13:00:32', 0),
(1376, 18, 30, 1, '2015-03-06 13:00:48', 0),
(1377, 18, 30, 1, '2015-03-06 13:00:52', 0),
(1378, 18, 30, 1, '2015-03-06 13:00:55', 0),
(1379, 27, 9, 1, '2015-03-06 13:00:56', 0),
(1380, 18, 30, 1, '2015-03-06 13:00:58', 0),
(1381, 25, 6, 1, '2015-03-06 13:00:58', 0),
(1382, 13, 29, 1, '2015-03-06 13:00:59', 0),
(1383, 18, 30, 1, '2015-03-06 13:01:01', 0),
(1384, 18, 30, 1, '2015-03-06 13:01:04', 0),
(1385, 13, 29, 1, '2015-03-06 13:01:05', 0),
(1386, 13, 29, 1, '2015-03-06 13:01:06', 0),
(1387, 13, 29, 1, '2015-03-06 13:01:06', 0),
(1388, 18, 30, 1, '2015-03-06 13:01:08', 0),
(1389, 25, 6, 1, '2015-03-06 13:01:16', 0),
(1390, 18, 28, 1, '2015-03-06 13:01:20', 0),
(1391, 18, 28, 1, '2015-03-06 13:01:23', 0),
(1392, 18, 28, 1, '2015-03-06 13:01:27', 0),
(1393, 25, 6, 1, '2015-03-06 13:01:30', 0),
(1394, 19, 32, 1, '2015-03-06 13:31:56', 0);

-- --------------------------------------------------------

--
-- Table structure for table `challenge_attempt_count`
--

CREATE TABLE IF NOT EXISTS `challenge_attempt_count` (
  `id` int(11) NOT NULL AUTO_INCREMENT,
  `user_id` int(11) NOT NULL,
  `challenge_id` int(11) NOT NULL,
  `class_id` int(11) NOT NULL,
  `tries` int(11) DEFAULT NULL,
  PRIMARY KEY (`id`),
  UNIQUE KEY `composite_key` (`user_id`,`challenge_id`,`class_id`)
) ENGINE=InnoDB  DEFAULT CHARSET=latin1 AUTO_INCREMENT=1387 ;

--
-- Dumping data for table `challenge_attempt_count`
--

INSERT INTO `challenge_attempt_count` (`id`, `user_id`, `challenge_id`, `class_id`, `tries`) VALUES
(24, 4, 1, 1, 1),
(25, 4, 2, 1, 2),
(27, 3, 1, 1, 4),
(28, 3, 2, 1, 12),
(40, 5, 1, 1, 1),
(41, 5, 2, 1, 2),
(43, 5, 3, 1, 1),
(44, 5, 5, 1, 1),
(45, 5, 6, 1, 1),
(46, 3, 8, 1, 4),
(47, 3, 9, 1, 3),
(50, 3, 10, 1, 2),
(52, 3, 11, 1, 1),
(53, 3, 12, 1, 2),
(54, 3, 20, 1, 2),
(58, 3, 3, 1, 1),
(59, 4, 20, 1, 1),
(60, 4, 21, 1, 1),
(61, 3, 16, 1, 1),
(62, 4, 22, 1, 7),
(69, 3, 19, 1, 5),
(70, 3, 14, 1, 1),
(71, 9, 1, 1, 1),
(72, 3, 33, 1, 5),
(77, 9, 2, 1, 5),
(81, 10, 1, 1, 1),
(83, 9, 3, 1, 1),
(84, 9, 5, 1, 1),
(86, 9, 6, 1, 1),
(87, 11, 1, 1, 1),
(88, 11, 2, 1, 1),
(89, 11, 3, 1, 1),
(90, 9, 17, 1, 2),
(91, 12, 1, 1, 1),
(92, 12, 2, 1, 1),
(93, 12, 3, 1, 1),
(94, 12, 4, 1, 1),
(95, 12, 5, 1, 1),
(96, 12, 6, 1, 1),
(97, 12, 7, 1, 3),
(100, 12, 8, 1, 1),
(101, 12, 9, 1, 2),
(103, 12, 10, 1, 1),
(104, 12, 11, 1, 2),
(106, 12, 12, 1, 5),
(111, 12, 13, 1, 4),
(115, 12, 14, 1, 1),
(116, 12, 15, 1, 1),
(117, 12, 16, 1, 3),
(120, 12, 17, 1, 1),
(121, 12, 18, 1, 1),
(122, 12, 19, 1, 1),
(123, 12, 20, 1, 1),
(124, 12, 25, 1, 1),
(125, 12, 28, 1, 2),
(127, 12, 24, 1, 1),
(128, 16, 1, 1, 7),
(129, 13, 1, 1, 1),
(130, 18, 1, 1, 2),
(131, 19, 1, 1, 1),
(132, 19, 2, 1, 10),
(133, 17, 1, 1, 2),
(138, 14, 1, 1, 6),
(141, 20, 1, 1, 3),
(142, 16, 2, 1, 7),
(143, 14, 3, 1, 37),
(145, 13, 2, 1, 1),
(151, 18, 9, 1, 1),
(152, 16, 3, 1, 16),
(154, 17, 2, 1, 5),
(160, 21, 1, 1, 25),
(167, 18, 2, 1, 3),
(169, 14, 9, 1, 7),
(178, 16, 9, 1, 5),
(183, 13, 3, 1, 5),
(184, 15, 1, 1, 2),
(188, 18, 3, 1, 2),
(193, 15, 2, 1, 1),
(197, 20, 25, 1, 1),
(198, 15, 3, 1, 11),
(205, 16, 8, 1, 1),
(207, 14, 4, 1, 1),
(211, 18, 4, 1, 3),
(216, 20, 20, 1, 10),
(219, 19, 4, 1, 2),
(221, 21, 3, 1, 10),
(228, 18, 11, 1, 1),
(230, 14, 2, 1, 7),
(235, 21, 4, 1, 5),
(238, 23, 2, 1, 4),
(242, 21, 5, 1, 3),
(243, 14, 11, 1, 10),
(245, 20, 23, 1, 3),
(247, 16, 14, 1, 7),
(249, 27, 1, 1, 2),
(250, 21, 7, 1, 2),
(251, 17, 7, 1, 1),
(253, 13, 5, 1, 5),
(256, 15, 9, 1, 1),
(258, 27, 8, 1, 4),
(259, 14, 7, 1, 3),
(264, 17, 9, 1, 2),
(266, 18, 12, 1, 8),
(268, 22, 7, 1, 4),
(273, 20, 8, 1, 2),
(274, 19, 5, 1, 1),
(278, 26, 23, 1, 12),
(286, 23, 3, 1, 4),
(290, 21, 6, 1, 3),
(297, 26, 3, 1, 9),
(300, 28, 24, 1, 4),
(301, 18, 6, 1, 1),
(305, 18, 7, 1, 7),
(310, 18, 19, 1, 23),
(311, 16, 11, 1, 2),
(313, 18, 14, 1, 10),
(319, 16, 15, 1, 5),
(323, 14, 8, 1, 2),
(325, 17, 15, 1, 2),
(336, 20, 11, 1, 3),
(337, 17, 16, 1, 13),
(341, 26, 21, 1, 21),
(350, 15, 14, 1, 4),
(357, 19, 7, 1, 1),
(359, 13, 6, 1, 1),
(372, 26, 18, 1, 23),
(375, 13, 7, 1, 6),
(380, 28, 21, 1, 14),
(385, 15, 19, 1, 4),
(386, 22, 6, 1, 1),
(392, 20, 10, 1, 1),
(395, 16, 16, 1, 2),
(406, 20, 9, 1, 5),
(423, 23, 1, 1, 2),
(427, 27, 28, 1, 4),
(428, 26, 22, 1, 14),
(429, 25, 1, 1, 1),
(442, 19, 23, 1, 8),
(446, 19, 11, 1, 1),
(449, 18, 18, 1, 1),
(454, 16, 23, 1, 9),
(458, 22, 8, 1, 4),
(461, 20, 13, 1, 2),
(463, 25, 33, 1, 2),
(465, 17, 17, 1, 1),
(468, 13, 8, 1, 2),
(470, 17, 18, 1, 4),
(471, 16, 21, 1, 3),
(478, 26, 1, 1, 3),
(481, 21, 11, 1, 14),
(485, 19, 13, 1, 37),
(500, 22, 9, 1, 1),
(506, 13, 9, 1, 1),
(524, 14, 6, 1, 3),
(529, 21, 17, 1, 5),
(530, 21, 23, 1, 1),
(532, 16, 18, 1, 2),
(534, 20, 14, 1, 7),
(536, 15, 18, 1, 2),
(537, 18, 25, 1, 2),
(538, 23, 8, 1, 3),
(542, 15, 29, 1, 1),
(543, 13, 11, 1, 19),
(545, 14, 13, 1, 3),
(563, 15, 23, 1, 4),
(566, 26, 20, 1, 1),
(573, 15, 32, 1, 9),
(579, 18, 28, 1, 8),
(580, 25, 5, 1, 3),
(584, 26, 29, 1, 4),
(591, 22, 10, 1, 2),
(598, 28, 32, 1, 2),
(599, 17, 21, 1, 5),
(608, 22, 13, 1, 6),
(614, 28, 9, 1, 1),
(616, 22, 11, 1, 10),
(617, 16, 22, 1, 9),
(625, 20, 2, 1, 1),
(626, 21, 9, 1, 1),
(628, 27, 2, 1, 2),
(632, 15, 10, 1, 3),
(636, 18, 24, 1, 18),
(637, 16, 24, 1, 6),
(638, 14, 23, 1, 1),
(642, 13, 15, 1, 1),
(647, 23, 15, 1, 2),
(648, 20, 3, 1, 4),
(655, 13, 16, 1, 2),
(659, 18, 31, 1, 4),
(661, 14, 10, 1, 1),
(666, 13, 14, 1, 1),
(667, 18, 32, 1, 13),
(671, 26, 24, 1, 14),
(685, 18, 33, 1, 11),
(686, 16, 25, 1, 3),
(687, 16, 17, 1, 4),
(691, 21, 31, 1, 2),
(694, 17, 25, 1, 3),
(696, 19, 21, 1, 1),
(697, 28, 18, 1, 1),
(699, 23, 17, 1, 3),
(708, 16, 28, 1, 6),
(713, 18, 15, 1, 1),
(719, 17, 6, 1, 3),
(720, 16, 13, 1, 26),
(726, 20, 32, 1, 3),
(741, 21, 14, 1, 2),
(750, 18, 20, 1, 16),
(759, 28, 2, 1, 1),
(765, 19, 20, 1, 4),
(769, 13, 17, 1, 1),
(770, 18, 16, 1, 5),
(778, 16, 29, 1, 1),
(782, 20, 29, 1, 4),
(787, 13, 18, 1, 1),
(788, 15, 7, 1, 3),
(789, 17, 33, 1, 3),
(790, 29, 1, 1, 1),
(796, 29, 3, 1, 1),
(806, 22, 16, 1, 1),
(811, 27, 3, 1, 1),
(813, 16, 30, 1, 19),
(819, 18, 21, 1, 6),
(820, 13, 19, 1, 13),
(827, 16, 33, 1, 4),
(837, 18, 23, 1, 10),
(841, 15, 8, 1, 2),
(847, 15, 13, 1, 4),
(852, 20, 5, 1, 1),
(853, 17, 28, 1, 9),
(861, 16, 32, 1, 4),
(864, 15, 24, 1, 1),
(879, 26, 4, 1, 2),
(897, 14, 14, 1, 2),
(906, 26, 15, 1, 3),
(912, 15, 33, 1, 2),
(923, 26, 8, 1, 4),
(935, 16, 7, 1, 1),
(941, 25, 21, 1, 3),
(942, 16, 6, 1, 5),
(947, 28, 15, 1, 11),
(950, 13, 21, 1, 1),
(953, 19, 17, 1, 2),
(956, 13, 22, 1, 3),
(962, 20, 16, 1, 1),
(966, 26, 11, 1, 2),
(971, 27, 11, 1, 72),
(978, 15, 12, 1, 1),
(988, 29, 32, 1, 1),
(989, 18, 22, 1, 8),
(1001, 15, 25, 1, 1),
(1002, 16, 10, 1, 3),
(1004, 29, 28, 1, 1),
(1005, 13, 24, 1, 4),
(1011, 29, 25, 1, 1),
(1027, 29, 31, 1, 1),
(1029, 16, 12, 1, 1),
(1043, 29, 19, 1, 1),
(1052, 20, 17, 1, 1),
(1055, 15, 30, 1, 1),
(1079, 29, 17, 1, 1),
(1084, 15, 31, 1, 2),
(1086, 19, 32, 1, 2),
(1090, 17, 32, 1, 4),
(1093, 28, 11, 1, 1),
(1097, 15, 5, 1, 2),
(1099, 20, 21, 1, 3),
(1105, 13, 23, 1, 20),
(1119, 26, 32, 1, 7),
(1125, 15, 28, 1, 1),
(1134, 17, 5, 1, 1),
(1145, 26, 30, 1, 2),
(1146, 17, 4, 1, 1),
(1148, 20, 22, 1, 1),
(1158, 15, 21, 1, 18),
(1162, 14, 15, 1, 1),
(1166, 28, 12, 1, 9),
(1172, 30, 1, 1, 1),
(1173, 19, 30, 1, 2),
(1175, 15, 22, 1, 1),
(1176, 13, 25, 1, 5),
(1177, 30, 2, 1, 2),
(1181, 25, 11, 1, 5),
(1183, 30, 3, 1, 1),
(1186, 29, 2, 1, 1),
(1187, 30, 6, 1, 1),
(1188, 29, 30, 1, 1),
(1199, 14, 16, 1, 2),
(1209, 19, 9, 1, 1),
(1226, 3, 21, 1, 2),
(1232, 27, 23, 1, 3),
(1237, 22, 1, 1, 1),
(1246, 19, 15, 1, 1),
(1249, 25, 23, 1, 11),
(1258, 22, 17, 1, 1),
(1259, 20, 30, 1, 2),
(1262, 20, 6, 1, 1),
(1267, 17, 8, 1, 3),
(1274, 13, 31, 1, 2),
(1278, 26, 16, 1, 1),
(1279, 27, 6, 1, 2),
(1283, 22, 32, 1, 1),
(1286, 21, 32, 1, 1),
(1296, 20, 24, 1, 3),
(1302, 22, 31, 1, 1),
(1303, 18, 30, 1, 25),
(1304, 26, 10, 1, 7),
(1314, 14, 5, 1, 3),
(1319, 19, 18, 1, 1),
(1327, 23, 14, 1, 4),
(1329, 17, 24, 1, 1),
(1356, 17, 20, 1, 1),
(1371, 27, 9, 1, 1),
(1373, 25, 6, 1, 3),
(1374, 13, 29, 1, 4);

-- --------------------------------------------------------

--
-- Table structure for table `classes`
--

CREATE TABLE IF NOT EXISTS `classes` (
  `id` int(11) NOT NULL AUTO_INCREMENT,
  `name` varchar(255) NOT NULL,
  `date_created` datetime NOT NULL,
  `archive` int(1) DEFAULT '0',
  PRIMARY KEY (`id`)
) ENGINE=InnoDB  DEFAULT CHARSET=latin1 AUTO_INCREMENT=2 ;

--
-- Dumping data for table `classes`
--

INSERT INTO `classes` (`id`, `name`, `date_created`, `archive`) VALUES
(1, 'Global Class', '2012-08-09 00:43:48', 0);

-- --------------------------------------------------------

--
-- Table structure for table `class_challenges`
--

CREATE TABLE IF NOT EXISTS `class_challenges` (
  `id` int(11) NOT NULL AUTO_INCREMENT,
  `challenge_id` int(11) NOT NULL,
  `class_id` int(11) NOT NULL,
  `date_created` datetime NOT NULL,
  PRIMARY KEY (`id`)
) ENGINE=InnoDB  DEFAULT CHARSET=latin1 AUTO_INCREMENT=57 ;

--
-- Dumping data for table `class_challenges`
--

INSERT INTO `class_challenges` (`id`, `challenge_id`, `class_id`, `date_created`) VALUES
(25, 24, 1, '2015-03-04 14:46:28'),
(26, 1, 1, '2015-03-04 14:53:10'),
(27, 2, 1, '2015-03-04 15:03:41'),
(28, 3, 1, '2015-03-04 15:05:41'),
(29, 4, 1, '2015-03-04 15:07:12'),
(30, 5, 1, '2015-03-04 15:07:47'),
(31, 6, 1, '2015-03-04 15:16:48'),
(32, 7, 1, '2015-03-04 15:19:53'),
(33, 8, 1, '2015-03-04 15:48:51'),
(34, 9, 1, '2015-03-04 15:50:31'),
(35, 10, 1, '2015-03-04 15:51:15'),
(36, 11, 1, '2015-03-04 15:52:14'),
(37, 12, 1, '2015-03-04 16:13:03'),
(38, 13, 1, '2015-03-04 16:18:19'),
(39, 14, 1, '2015-03-04 16:28:30'),
(40, 15, 1, '2015-03-04 16:48:08'),
(41, 16, 1, '2015-03-04 16:51:56'),
(42, 17, 1, '2015-03-04 16:57:31'),
(43, 18, 1, '2015-03-04 16:59:29'),
(44, 19, 1, '2015-03-04 17:00:27'),
(45, 20, 1, '2015-03-04 17:07:42'),
(46, 21, 1, '2015-03-04 17:09:16'),
(47, 22, 1, '2015-03-04 17:10:21'),
(48, 23, 1, '2015-03-04 17:11:12'),
(49, 25, 1, '2015-03-05 09:38:07'),
(50, 27, 1, '2015-03-05 09:45:27'),
(51, 28, 1, '2015-03-05 09:48:07'),
(52, 29, 1, '2015-03-05 09:51:57'),
(53, 30, 1, '2015-03-05 09:55:44'),
(54, 31, 1, '2015-03-05 17:54:44'),
(55, 32, 1, '2015-03-05 18:00:13'),
(56, 33, 1, '2015-03-05 18:01:15');

-- --------------------------------------------------------

--
-- Table structure for table `class_memberships`
--

CREATE TABLE IF NOT EXISTS `class_memberships` (
  `id` int(11) NOT NULL AUTO_INCREMENT,
  `user_id` int(11) NOT NULL,
  `class_id` int(11) NOT NULL,
  `date_created` datetime NOT NULL,
  PRIMARY KEY (`user_id`,`class_id`),
  UNIQUE KEY `id` (`id`)
) ENGINE=InnoDB  DEFAULT CHARSET=latin1 AUTO_INCREMENT=30 ;

--
-- Dumping data for table `class_memberships`
--

INSERT INTO `class_memberships` (`id`, `user_id`, `class_id`, `date_created`) VALUES
(1, 0, 1, '0000-00-00 00:00:00'),
(2, 3, 1, '2015-03-02 21:09:22'),
(5, 6, 1, '2015-03-04 16:37:34'),
(6, 7, 1, '2015-03-04 21:06:33'),
(7, 8, 1, '2015-03-04 21:27:56'),
(12, 13, 1, '2015-03-06 09:32:51'),
(13, 14, 1, '2015-03-06 09:32:59'),
(14, 15, 1, '2015-03-06 09:33:14'),
(15, 16, 1, '2015-03-06 09:33:19'),
(16, 17, 1, '2015-03-06 09:33:44'),
(17, 18, 1, '2015-03-06 09:34:17'),
(18, 19, 1, '2015-03-06 09:34:53'),
(19, 20, 1, '2015-03-06 09:38:38'),
(20, 21, 1, '2015-03-06 09:41:07'),
(21, 22, 1, '2015-03-06 09:42:30'),
(22, 23, 1, '2015-03-06 09:44:52'),
(23, 24, 1, '2015-03-06 09:49:01'),
(24, 25, 1, '2015-03-06 10:06:47'),
(25, 26, 1, '2015-03-06 10:07:09'),
(26, 27, 1, '2015-03-06 10:07:34'),
(27, 28, 1, '2015-03-06 10:08:25'),
(28, 29, 1, '2015-03-06 11:36:20'),
(29, 30, 1, '2015-03-06 12:27:31');

-- --------------------------------------------------------

--
-- Table structure for table `scoring_rule`
--

CREATE TABLE IF NOT EXISTS `scoring_rule` (
  `id` int(11) NOT NULL AUTO_INCREMENT,
  `challenge_id` int(11) NOT NULL,
  `class_id` int(11) NOT NULL,
  `attempt_cap` int(11) NOT NULL DEFAULT '0',
  `attempt_cap_penalty` int(11) NOT NULL DEFAULT '0',
  `time_between_first_and_last_attempt` int(11) NOT NULL DEFAULT '0',
  `time_penalty` int(11) NOT NULL DEFAULT '0',
  `time_reset_limit_seconds` int(11) NOT NULL DEFAULT '0',
  `request_frequency_per_minute` int(11) NOT NULL DEFAULT '0',
  `request_frequency_penalty` int(11) NOT NULL DEFAULT '0',
  `experimentation_bonus` int(11) NOT NULL DEFAULT '0',
  `multiple_solution_bonus` int(11) NOT NULL DEFAULT '0',
  `banned_user_agents` longtext CHARACTER SET ascii COLLATE ascii_bin,
  `banned_user_agents_penalty` int(11) NOT NULL DEFAULT '0',
  `base_score` int(11) NOT NULL DEFAULT '5',
  `first_try_solves` int(11) NOT NULL DEFAULT '0',
  `penalty_for_many_first_try_solves` int(11) NOT NULL DEFAULT '0',
  PRIMARY KEY (`id`),
  KEY `challenge_id` (`challenge_id`,`class_id`)
) ENGINE=InnoDB  DEFAULT CHARSET=latin1 AUTO_INCREMENT=34 ;

--
-- Dumping data for table `scoring_rule`
--

INSERT INTO `scoring_rule` (`id`, `challenge_id`, `class_id`, `attempt_cap`, `attempt_cap_penalty`, `time_between_first_and_last_attempt`, `time_penalty`, `time_reset_limit_seconds`, `request_frequency_per_minute`, `request_frequency_penalty`, `experimentation_bonus`, `multiple_solution_bonus`, `banned_user_agents`, `banned_user_agents_penalty`, `base_score`, `first_try_solves`, `penalty_for_many_first_try_solves`) VALUES
(1, 1, 1, 0, 0, 0, 0, 0, 0, 0, 0, 0, NULL, 0, 50, 0, 0),
(2, 2, 1, 0, 0, 0, 0, 0, 0, 0, 0, 0, NULL, 0, 100, 0, 0),
(3, 3, 1, 0, 0, 0, 0, 0, 0, 0, 0, 0, NULL, 0, 100, 0, 0),
(4, 4, 1, 0, 0, 0, 0, 0, 0, 0, 0, 0, NULL, 0, 100, 0, 0),
(5, 5, 1, 0, 0, 0, 0, 0, 0, 0, 0, 0, NULL, 0, 100, 0, 0),
(6, 6, 1, 0, 0, 0, 0, 0, 0, 0, 0, 0, NULL, 0, 50, 0, 0),
(7, 7, 1, 0, 0, 0, 0, 0, 0, 0, 0, 0, NULL, 0, 100, 0, 0),
(8, 8, 1, 0, 0, 0, 0, 0, 0, 0, 0, 0, NULL, 0, 50, 0, 0),
(9, 9, 1, 0, 0, 0, 0, 0, 0, 0, 0, 0, NULL, 0, 100, 0, 0),
(10, 10, 1, 0, 0, 0, 0, 0, 0, 0, 0, 0, NULL, 0, 30, 0, 0),
(11, 11, 1, 0, 0, 0, 0, 0, 0, 0, 0, 0, NULL, 0, 50, 0, 0),
(12, 12, 1, 0, 0, 0, 0, 0, 0, 0, 0, 0, NULL, 0, 150, 0, 0),
(13, 13, 1, 0, 0, 0, 0, 0, 0, 0, 0, 0, NULL, 0, 100, 0, 0),
(14, 14, 1, 0, 0, 0, 0, 0, 0, 0, 0, 0, NULL, 0, 50, 0, 0),
(15, 15, 1, 0, 0, 0, 0, 0, 0, 0, 0, 0, NULL, 0, 100, 0, 0),
(16, 16, 1, 0, 0, 0, 0, 0, 0, 0, 0, 0, NULL, 0, 100, 0, 0),
(17, 17, 1, 0, 0, 0, 0, 0, 0, 0, 0, 0, NULL, 0, 150, 0, 0),
(18, 18, 1, 0, 0, 0, 0, 0, 0, 0, 0, 0, NULL, 0, 100, 0, 0),
(19, 19, 1, 0, 0, 0, 0, 0, 0, 0, 0, 0, NULL, 0, 200, 0, 0),
(20, 20, 1, 0, 0, 0, 0, 0, 0, 0, 0, 0, NULL, 0, 50, 0, 0),
(21, 21, 1, 0, 0, 0, 0, 0, 0, 0, 0, 0, NULL, 0, 50, 0, 0),
(22, 22, 1, 0, 0, 0, 0, 0, 0, 0, 0, 0, NULL, 0, 50, 0, 0),
(23, 23, 1, 0, 0, 0, 0, 0, 0, 0, 0, 0, NULL, 0, 50, 0, 0),
(24, 24, 1, 0, 0, 0, 0, 0, 0, 0, 0, 0, NULL, 0, 50, 0, 0),
(25, 25, 1, 0, 0, 0, 0, 0, 0, 0, 0, 0, NULL, 0, 100, 0, 0),
(26, 26, 1, 0, 0, 0, 0, 0, 0, 0, 0, 0, NULL, 0, 100, 0, 0),
(27, 27, 1, 0, 0, 0, 0, 0, 0, 0, 0, 0, NULL, 0, 150, 0, 0),
(28, 28, 1, 0, 0, 0, 0, 0, 0, 0, 0, 0, NULL, 0, 150, 0, 0),
(29, 29, 1, 0, 0, 0, 0, 0, 0, 0, 0, 0, NULL, 0, 150, 0, 0),
(30, 30, 1, 0, 0, 0, 0, 0, 0, 0, 0, 0, NULL, 0, 150, 0, 0),
(31, 31, 1, 0, 0, 0, 0, 0, 0, 0, 0, 0, NULL, 0, 200, 0, 0),
(32, 32, 1, 0, 0, 0, 0, 0, 0, 0, 0, 0, NULL, 0, 200, 0, 0),
(33, 33, 1, 0, 0, 0, 0, 0, 0, 0, 0, 0, NULL, 0, 150, 0, 0);

-- --------------------------------------------------------

--
-- Table structure for table `solved`
--

CREATE TABLE IF NOT EXISTS `solved` (
  `user_id` varchar(255) NOT NULL DEFAULT '',
  `challenge_id` varchar(255) NOT NULL DEFAULT '',
  PRIMARY KEY (`user_id`,`challenge_id`)
) ENGINE=InnoDB DEFAULT CHARSET=latin1;

--
-- Dumping data for table `solved`
--

INSERT INTO `solved` (`user_id`, `challenge_id`) VALUES
('10', '1'),
('11', '1'),
('11', '2'),
('11', '3'),
('12', '1'),
('12', '10'),
('12', '11'),
('12', '12'),
('12', '13'),
('12', '14'),
('12', '15'),
('12', '16'),
('12', '17'),
('12', '18'),
('12', '19'),
('12', '2'),
('12', '20'),
('12', '24'),
('12', '25'),
('12', '3'),
('12', '4'),
('12', '5'),
('12', '6'),
('12', '7'),
('12', '8'),
('12', '9'),
('13', '1'),
('13', '11'),
('13', '15'),
('13', '16'),
('13', '17'),
('13', '18'),
('13', '2'),
('13', '21'),
('13', '22'),
('13', '24'),
('13', '25'),
('13', '31'),
('13', '6'),
('13', '7'),
('13', '9'),
('14', '1'),
('14', '11'),
('14', '15'),
('14', '2'),
('14', '3'),
('14', '7'),
('15', '1'),
('15', '21'),
('15', '25'),
('15', '31'),
('15', '7'),
('15', '9'),
('16', '11'),
('16', '12'),
('16', '15'),
('16', '18'),
('16', '2'),
('16', '21'),
('16', '25'),
('16', '3'),
('16', '6'),
('16', '7'),
('16', '9'),
('17', '1'),
('17', '15'),
('17', '17'),
('17', '18'),
('17', '2'),
('17', '25'),
('17', '28'),
('17', '32'),
('17', '33'),
('17', '6'),
('17', '7'),
('17', '9'),
('18', '1'),
('18', '19'),
('18', '23'),
('18', '24'),
('18', '25'),
('18', '28'),
('18', '3'),
('18', '31'),
('18', '32'),
('18', '33'),
('18', '7'),
('18', '9'),
('19', '1'),
('19', '11'),
('19', '13'),
('19', '15'),
('19', '18'),
('19', '2'),
('19', '7'),
('19', '9'),
('20', '1'),
('20', '10'),
('20', '11'),
('20', '16'),
('20', '21'),
('20', '9'),
('21', '1'),
('21', '17'),
('21', '32'),
('21', '6'),
('21', '7'),
('22', '1'),
('22', '17'),
('22', '32'),
('22', '6'),
('22', '7'),
('23', '1'),
('25', '1'),
('25', '23'),
('26', '10'),
('26', '15'),
('26', '18'),
('26', '21'),
('27', '1'),
('27', '23'),
('27', '3'),
('28', '15'),
('28', '18'),
('28', '21'),
('29', '1'),
('29', '17'),
('29', '19'),
('29', '2'),
('29', '25'),
('29', '28'),
('29', '3'),
('29', '30'),
('29', '31'),
('29', '32'),
('3', '1'),
('3', '10'),
('3', '11'),
('3', '12'),
('3', '16'),
('3', '19'),
('3', '2'),
('3', '20'),
('3', '3'),
('3', '8'),
('3', '9'),
('30', '1'),
('30', '2'),
('30', '3'),
('30', '6'),
('4', '1'),
('4', '2'),
('4', '20'),
('4', '21'),
('4', '22'),
('5', '1'),
('5', '2'),
('5', '3'),
('5', '5'),
('5', '6'),
('9', '1'),
('9', '17'),
('9', '3'),
('9', '5'),
('9', '6');

-- --------------------------------------------------------

--
-- Table structure for table `users`
--

CREATE TABLE IF NOT EXISTS `users` (
  `id` int(11) NOT NULL AUTO_INCREMENT,
  `username` varchar(255) NOT NULL,
  `full_name` varchar(255) NOT NULL,
  `email` varchar(100) NOT NULL,
  `password` varchar(255) NOT NULL,
  `joined` datetime NOT NULL,
  `last_visit` datetime DEFAULT NULL,
  `is_activated` int(1) DEFAULT '0',
  `type` int(10) DEFAULT '0',
  `token` int(10) DEFAULT '0',
  PRIMARY KEY (`username`),
  UNIQUE KEY `id` (`id`)
) ENGINE=InnoDB  DEFAULT CHARSET=latin1 AUTO_INCREMENT=31 ;

--
-- Dumping data for table `users`
--

INSERT INTO `users` (`id`, `username`, `full_name`, `email`, `password`, `joined`, `last_visit`, `is_activated`, `type`, `token`) VALUES
(2, 'admin', 'Administrator', 'bravindarkumar26@gmail.com', '$P$BBnrBivRZYh3GwtNOFcu1Lao65L/8I1', '2015-03-02 21:08:59', '2015-03-06 12:28:00', 1, 1, 0),
(6, 'blah', 'blah bloah', 'blah@yahoo.com', '$P$ByarFASL4BMvzj6c3WJfRgB7a718nb0', '2015-03-04 16:37:34', '2015-03-05 17:35:54', 1, 0, 0),
(16, 'crackers', 'crackers', 'akj313@gmail.com', '$P$BZwseOQ6tU6HKdTui5ylLfD96xMa7L0', '2015-03-06 09:33:19', '2015-03-06 13:01:13', 1, 0, 0),
(26, 'cryptbreakers', 'ajeesh.vishnu', 'Ajeeshkuriakose1@gmail.com', '$P$BNq8.4srWQyj.yaOiSCUniwC/Hrrdb1', '2015-03-06 10:07:09', '2015-03-06 10:13:17', 1, 0, 0),
(23, 'DEATH HACKERS', 'E.Jeyashree', 'jeyashreeelangovan@gmail.com', '$P$B5B10R21JTWpKblweyHniJw51OwN/g/', '2015-03-06 09:44:52', '2015-03-06 12:11:20', 1, 0, 0),
(29, 'Decimators ', 'Guess who', 'irrelevant@gmail.com', '$P$BpL.UQbs3T1nNnTWYL3a4Z3pI/ZJ3B.', '2015-03-06 11:36:19', '2015-03-06 12:29:49', 1, 0, 0),
(25, 'DERP', 'DERP', 'sabari.tprrgm@gmail.com', '$P$B4XUfJpFADhEyQ7PeZe0xu6BpMTsgb0', '2015-03-06 10:06:47', '2015-03-06 12:15:14', 1, 0, 0),
(20, 'destro', 'destro', 'parthivijay95@gmail.com', '$P$BzY42k.gdDbAMQQLuuvaXKzEuB0RRI1', '2015-03-06 09:38:38', '2015-03-06 09:39:36', 1, 0, 0),
(27, 'Friends', 'Friends', 'sharan161295@gmail.com', '$P$BUaLLINwSoKfZgNbaYExC7Jvm4KPiv0', '2015-03-06 10:07:34', '2015-03-06 11:42:13', 1, 0, 0),
(1, 'Guest', 'Guest User', 'guest@hackademic.com', 'empty pass this user is never supposed to login normally', '2010-01-01 00:00:00', '2010-01-01 00:00:00', 1, 0, 0),
(15, 'hackjack', 'hackjack', 'loockcin15@gmail.com', '$P$BarHI9XbSXMvUVA493eoSNKunylyxi.', '2015-03-06 09:33:14', '2015-03-06 11:23:20', 1, 0, 0),
(17, 'insanceinnovators', 'insaneinnovators', 'raghu12133@gmail.com', '$P$BlT9XRqHqf7ZBCIEj4kZrSR.RNkLmg1', '2015-03-06 09:33:44', '2015-03-06 09:36:51', 1, 0, 0),
(12, 'new', 'new', 'new@gmail.com', '$P$BzUwI4lkpNWA6n5yIZ5tTix7zmkpLz/', '2015-03-06 08:58:25', '2015-03-06 08:58:58', 1, 0, 0),
(11, 'nikto', 'nikto', 'nio@gmail.com', '$P$BfuLbz0mt6SDi8AMOLLi5ROhESqjot0', '2015-03-05 18:42:40', '2015-03-06 10:00:42', 0, 0, 0),
(8, 'nishaanth', 'nishaanth guna', 'nishaanthguna@gmail.com', '$P$BSlBg72KVWl3EWm8lSbmDWThTWF1cb/', '2015-03-04 21:27:56', '2015-03-04 21:28:53', 1, 0, 0),
(5, 'nishu', 'nishu', 'nishu@gmail.com', '$P$BqEHVVwsF.sdCOU/amSTjUO5ZkKOAW.', '2015-03-04 15:33:26', '2015-03-05 18:28:36', 1, 0, 0),
(24, 'R.Vinitha', 'R.Vinitha', 'vinitha1995ravi@gmail.com', '$P$BZkYqkAre/.Fdk.Qnjf3LIFYTqNWo6.', '2015-03-06 09:49:01', NULL, 0, 0, 0),
(3, 'ravi', 'ravi', 'ravi@gmail.com', '$P$BO1tOZZ7lXLGwU0D6v8noFvA8Frl9X1', '2015-03-02 21:09:22', '2015-03-06 13:33:23', 1, 0, 0),
(30, 'ROTU- Dare stop me', 'ROTU the Super Computer', 'gmail@rotu.com', '$P$BXc5TGZByBtYalcG.3kxq34gpuAkbX/', '2015-03-06 12:27:31', '2015-03-06 12:28:31', 1, 0, 0),
(28, 'RVLution Wii', 'vinoth raj', 'nagarajit1010@gmail.com', '$P$BQTQkjpBLQIfUY3o2L7jgUziREK6tE0', '2015-03-06 10:08:25', '2015-03-06 12:29:30', 1, 0, 0),
(4, 'sachinkamath', 'Sachin Kamath', 'sskamath96@gmail.com', '$P$Bpw6.C4B5XW0a8PiZwbk44hhgnOGPK0', '2015-03-04 15:21:25', '2015-03-06 12:34:31', 1, 0, 0),
(10, 'scool', 'scool', 'nio@gmail.com', '$P$B7WOECpjapMSARmrLRDKseg.hqMA8x1', '2015-03-05 18:34:52', '2015-03-05 18:35:08', 1, 0, 0),
(7, 'sud', 'sud', 'sud@gmail.com', '$P$BHyfxWJWxM9lRXHpWbrjb5vJihmwuR1', '2015-03-04 21:06:33', '2015-03-06 13:33:47', 1, 0, 0),
(21, 'technocrackers', 'P.Priyesh George', 'priyesh.george.94@gmail.com', '$P$BMyJojJuCuPv6SB4g3YGRdeg1yGQtD.', '2015-03-06 09:41:07', '2015-03-06 09:42:25', 1, 0, 0),
(9, 'test', 'Test User', 'test@gmail.com', '$P$BFIc.o6fON4h2qGzmPF3u475XL9.GT.', '2015-03-05 17:50:58', '2015-03-06 09:36:00', 1, 0, 0),
(19, 'trydevs', 'trydevs', 'sundareswarancg@gmail.com', '$P$B5xVAabsGbB1UxEV1iboBq9ppfAjim/', '2015-03-06 09:34:53', '2015-03-06 12:31:06', 1, 0, 0),
(18, 'Unclassified Errors', 'Karthick Prasad', 'karthickindian2011@gmail.com', '$P$BXhdIXWSgcgCzDlxe0pc3S1sbnFl3//', '2015-03-06 09:34:17', '2015-03-06 09:53:49', 1, 0, 0),
(22, 'v.vaishnavi', 'v.vaishnavi', 'merryvaishnavi1995@gmail.com', '$P$BFoiS9hCTVgHv4WLQLf1DYP/1j171P1', '2015-03-06 09:42:30', '2015-03-06 11:03:33', 1, 0, 0),
(14, 'Watch Dogs', 'Watch Dogs', 'rishid.kvhassan@gmail.com', '$P$BzCVIwyc6ZfiFGeRUWFjEil118Qcul.', '2015-03-06 09:32:59', '2015-03-06 10:56:32', 1, 0, 0),
(13, 'zerocool', 'Shiyam M', 'mshiyamsam@gmail.com', '$P$BbWJ8zwNWCRURAFL.37xLBOx/Gr.Wv/', '2015-03-06 09:32:51', '2015-03-06 09:33:48', 1, 0, 0);

-- --------------------------------------------------------

--
-- Table structure for table `user_has_challenge_token`
--

CREATE TABLE IF NOT EXISTS `user_has_challenge_token` (
  `id` int(11) NOT NULL AUTO_INCREMENT,
  `user_id` varchar(512) NOT NULL,
  `challenge_id` varchar(512) NOT NULL,
  `token` varchar(256) NOT NULL,
  PRIMARY KEY (`id`)
) ENGINE=InnoDB  DEFAULT CHARSET=latin1 AUTO_INCREMENT=575 ;

--
-- Dumping data for table `user_has_challenge_token`
--

INSERT INTO `user_has_challenge_token` (`id`, `user_id`, `challenge_id`, `token`) VALUES
(15, '3', '1', 'e00b937c-7c8f-0fd6-65bc-fa868a0e4dbc'),
(16, '3', '2', 'b1bbeb83-e892-0a59-794e-9d2cbf6d4609'),
(17, '3', '4', '72428762-c4cc-014f-a9c6-1b10c34cd861'),
(18, '3', '5', '023d10cb-ce2a-0f68-4d33-b22e92c292b5'),
(19, '3', '6', 'a48617ca-463c-0575-8555-05d07fe3dff3'),
(20, '4', '1', 'e1460238-1635-0257-c9b2-bb0075322fbc'),
(21, '4', '2', 'a30911a2-c31f-0413-913e-64082e749a63'),
(22, '5', '1', '01033dd3-77d2-0000-81ad-a9a96f56eba8'),
(23, '5', '2', 'a5e4ac15-3a97-0888-9d52-b49b95556bfc'),
(24, '5', '3', '1c0e5b22-8ecb-0fc6-992e-868f849efdb0'),
(25, '5', '4', 'fe12412a-0283-00f4-514c-42aa9c8541b8'),
(26, '4', '3', 'c683b335-7a05-0148-5dac-d3b4716b89bf'),
(27, '5', '5', '26e000ba-aec0-0ef2-313e-dcdb6b471b9f'),
(28, '5', '6', 'cf527a95-9402-05af-f9c9-4bb348370d54'),
(29, '5', '7', '3ee9d7c2-811b-007d-a154-7e5a73c98b2d'),
(30, '4', '4', '35a0c6f6-84db-0dac-89e2-9bed923b890b'),
(31, '3', '8', '901e9aa9-a67c-0307-e501-86d5f25b0534'),
(32, '3', '9', 'e703420e-a928-0575-39dd-8699f8c5b2eb'),
(33, '3', '10', '7f6c9137-5f64-03ae-5196-dfdfaedd64f1'),
(34, '3', '11', '73128591-2cf1-017e-4135-b3497990d75f'),
(35, '3', '12', '287c26d0-9143-07a7-edd2-9dde77730056'),
(36, '3', '14', '6ad01bc3-00bf-0bee-8149-ae96bbb7c032'),
(37, '3', '15', '7ee43209-1c8c-0ddc-81f7-a08d8117f0c7'),
(38, '3', '19', 'f22697a8-c54d-0c11-9da6-823016f3bbf3'),
(39, '3', '16', '013a1880-ab90-08c4-8d26-14c5d4c92865'),
(40, '3', '17', '32b46597-bb41-03c3-018d-a5e376428087'),
(41, '3', '18', '76377188-ef99-0193-b541-7c190744f9f9'),
(42, '4', '20', '85fc2afa-121a-0054-e542-373bfc1ef1e8'),
(43, '3', '20', '4447db93-ebe5-0ea3-7db4-bd78e1f44b93'),
(44, '3', '21', '602e6f76-b54a-0033-61bb-2d76f4bce2e0'),
(45, '3', '22', '9073dc9a-acf1-0796-0d4d-0506c1e3b8cf'),
(46, '3', '23', 'ca949216-26e3-0552-c563-443ed0e5603a'),
(47, '3', '13', 'cc317db4-4b7f-0208-89ae-1eb86dd2fc04'),
(48, '4', '7', '5af293a6-f38d-0cc2-d96e-f0fd88aebef6'),
(49, '3', '3', '61946ae7-53a6-0913-9d04-54c92aab0295'),
(50, '3', '7', '72b30e60-7691-0f16-41f0-88ed54a44e27'),
(51, '4', '5', 'b6dc48a5-d26c-0b2d-4db0-73ad48dbc238'),
(52, '6', '1', '8141534a-4301-093c-b5ed-75940c1fb442'),
(53, '8', '9', '07c102b6-4426-0b66-2111-5d4be1dd9379'),
(54, '8', '8', 'de6a3a85-6ceb-0d61-c941-817569849fef'),
(55, '4', '21', 'a045dbe8-57f5-04b6-85df-a6d24d2d3ee9'),
(56, '8', '10', '548b63a9-a337-03d1-3df8-9193989357dc'),
(57, '8', '11', '3222bbce-fda1-0945-497d-d89e3ac4278a'),
(58, '8', '13', 'c6773b59-6cd1-0d1c-991e-da297bfa8a2f'),
(59, '4', '22', 'c3966e32-3d33-0b26-ed42-9e4164809a4d'),
(60, '8', '12', '1e82e08d-d279-00c9-b5e7-ae1ed5052487'),
(61, '4', '23', '0bd1ddbc-3a45-04da-39bc-be15a99c3c23'),
(62, '8', '14', '5f692166-beb9-0944-e989-83b55af0ef07'),
(63, '8', '15', 'afcd8e9e-278e-04b7-05cb-0c64bb1d8b15'),
(64, '8', '16', '6ca38ae9-a97e-0815-0d95-d5c7c1ea60c3'),
(65, '4', '11', '999efe5b-087e-08fd-b5d2-d2663d19057b'),
(66, '8', '17', 'e5d1c73a-bfec-0d39-29f9-ccc7d28d980a'),
(67, '8', '19', '75cd8d2a-4b50-0f7f-71fd-271729254a59'),
(68, '8', '18', 'bfaf6f62-4114-0217-713b-d422a3ef6fa7'),
(69, '4', '6', '4917d2f9-cf46-026d-b1ce-a427c8ac137f'),
(70, '8', '1', 'f7100f5e-9562-02a0-9984-dcc061e0b430'),
(71, '8', '4', '85f0cca3-f6f0-0d9e-3556-a5704d56996b'),
(72, '8', '7', '3d381b8c-4a40-068d-3573-7b869727660e'),
(73, '8', '5', 'd76099e9-8c7c-0119-4152-b024c7d92358'),
(74, '8', '3', 'ffc00530-caf3-015e-05e9-5531d9c044b6'),
(75, '8', '2', '40333923-798f-0271-2daa-5cfe81beb83d'),
(76, '8', '6', 'ae89312d-88e0-0284-5d8e-08280502afa8'),
(77, '4', '18', 'a4df13a5-b10f-03b8-210c-cabd34c89717'),
(78, '3', '25', '2be4cc4f-5517-055b-3dbd-27d125f4a444'),
(79, '3', '27', '4d10cfae-675a-0a6a-f1a5-da3bf6067e1b'),
(80, '4', '12', '6163cfeb-f4aa-051a-3db6-5bb1c95a40bd'),
(81, '3', '24', '4d3c0ffd-9b6f-092d-357f-fd4f92d8b7ea'),
(82, '4', '14', 'c8b62804-718d-0a05-3dc3-7a2d390d6322'),
(83, '4', '15', '6db1e697-021b-06b6-2969-a429f24bbc3c'),
(84, '9', '1', '47cdba54-c733-0017-f9eb-8cd95c184d04'),
(85, '9', '16', '783535b5-085f-054b-551f-7ef57e1365b1'),
(86, '9', '17', 'ebcf6b96-e9bc-0eba-2588-6427f9c472f3'),
(87, '9', '18', '18f4b047-cd59-0477-916a-1991011aec6e'),
(88, '9', '19', 'd05487f9-9638-0ebc-0d32-7de602a647d9'),
(89, '9', '32', 'fe13761f-a1a6-098a-f11c-209c0965e88c'),
(90, '9', '24', 'cde50ee4-c037-00a7-6db6-9c9c64e3c1e8'),
(91, '3', '33', '35f4614b-6c44-0049-b17c-2d3e1d31757c'),
(92, '3', '28', 'b5fb74e6-45d0-06fa-a50a-06a03886385a'),
(93, '9', '2', '44b8eaf0-1db1-008e-353c-f65e952492bf'),
(94, '7', '8', 'dcfb3175-48c0-032a-4d20-130853bd1771'),
(95, '9', '4', '28915999-da7d-0d97-99ad-ff96f34af82c'),
(96, '9', '14', '900da628-8617-0c49-6118-145b4ad57523'),
(97, '9', '21', '204c3fb0-125b-0d38-7d60-b030d96d0d6f'),
(98, '10', '1', '06ef27f1-7154-0f5f-b18b-9f24ab75152f'),
(99, '10', '9', '2ea60319-1750-0267-69fc-dd1ab4aaf315'),
(100, '10', '2', '45ebb87e-80d8-026d-a571-9749f3794de8'),
(101, '9', '3', '48407b87-b3ad-0284-591b-5addcdd92199'),
(102, '9', '5', '853ce2d1-d89b-09dd-99f8-27dc4612a4c4'),
(103, '10', '12', 'e5ad090e-9eba-0d49-3d52-ff7cb94b6556'),
(104, '10', '3', '490edc87-a935-0a2e-796b-30f3cf2435dc'),
(105, '10', '19', 'ebdb3dff-78f7-0115-9128-1c89f0064952'),
(106, '10', '24', 'e144e34d-f88a-0cd6-f1bb-c722a3529364'),
(107, '10', '20', '45ba5652-c325-0ce6-7dda-7502c1e07283'),
(108, '10', '15', '9cac07fb-b0e3-0195-49f4-d61377c4a908'),
(109, '9', '6', 'f1644bae-5d37-08bb-71f4-c16db9d3454c'),
(110, '9', '7', 'd8a21640-9aad-0d8c-5183-799874fa18b2'),
(111, '11', '1', '7d03387d-2fe3-02d7-0d94-bb857d6858e6'),
(112, '9', '8', 'a83489bc-105e-0d29-a9b4-3ba81462a3b8'),
(113, '11', '2', '8d8ac70c-27ba-0c02-716a-aaef4098979b'),
(114, '11', '3', 'dc4651d6-d64a-018f-e967-c9991e197284'),
(115, '11', '28', '1a9b06d5-5e2d-04d1-156b-7b6062b40fab'),
(116, '9', '10', '2bd67676-d746-0db7-39b5-b1c8b51a64b7'),
(117, '3', '31', 'd4ccba71-a7ef-0afb-cda4-bc5afd232c02'),
(118, '3', '32', 'bba54b71-1903-0b3f-c194-bb23600c4b24'),
(119, '7', '14', 'dd489086-3445-03c7-e1cb-052b05518c18'),
(120, '7', '24', '1b004589-6116-0d1f-cd0a-dc6e53460df1'),
(121, '3', '29', '232f4592-7456-0289-e9c3-c1aad8cd3c75'),
(122, '3', '30', 'e509c167-72ab-0b24-3145-83645e1708c5'),
(123, '12', '1', '9830be62-8f27-0f79-c1c6-ddc6e05c4934'),
(124, '12', '2', '30176364-347f-06db-6d8f-4f3830d78164'),
(125, '12', '3', '7c35694f-488b-08cc-0903-25dfc58df363'),
(126, '12', '4', 'dd07ebbc-9450-0bc8-3575-f201d84e8386'),
(127, '12', '5', 'e910e861-bc5d-018f-0564-a7aa98e8bf3d'),
(128, '12', '6', '682d3400-717a-0faa-a98a-c76cd57ff1cd'),
(129, '12', '7', 'a8b725b5-b16d-05af-597c-3394785278c2'),
(130, '12', '8', 'f5dbc0a9-8f8f-0591-0d2d-bc5bce12167a'),
(131, '12', '9', '9827ec71-9f35-0175-394e-ca70b6f2323d'),
(132, '12', '10', 'd4e32add-4a2f-036c-fd49-6da35fa7f37b'),
(133, '12', '11', 'c69352bd-bcf7-0387-8d82-ab5dd1400af5'),
(134, '12', '12', '71211995-8a3f-0902-6581-8576e73ce786'),
(135, '12', '13', 'fb4222d1-cf26-0d7b-794e-a4c1c672228f'),
(136, '12', '14', 'c6050618-9510-05b2-5962-7506168d72be'),
(137, '12', '15', '5223386d-6a6c-0c7d-4dbb-2537899d304c'),
(138, '12', '16', 'b681aad5-37ee-0462-5561-374177557ae7'),
(139, '12', '17', '32aed98f-b4ea-0151-1970-d682ab7be2ba'),
(140, '12', '18', 'c28bd6e1-eeb9-0385-c91b-45c89a0ee2ee'),
(141, '12', '19', 'ba834829-510e-088e-f90f-ac6a0a91ebdf'),
(142, '12', '20', 'd828b533-6f7f-09c0-39a7-60a7e921612c'),
(143, '12', '21', '5ea1fe96-5630-0f4b-45cb-b68cf773a2a3'),
(144, '12', '25', '8b6ce9f7-4875-0d19-5969-3f69f6d39769'),
(145, '12', '28', '5b34cb64-5f18-0c57-f512-cceaef510857'),
(146, '12', '24', '4d7e49dd-4fa4-0686-65db-b86ca666526d'),
(147, '13', '1', '15533659-1fed-05ec-4d5a-1cd9cb078cca'),
(148, '16', '1', '5daa68f4-8c84-09dd-0dd8-2617ab5df23e'),
(149, '14', '8', '67aaa272-4b60-072d-4113-0dc7cc7af853'),
(150, '15', '8', '4c18c4e3-9424-063a-7539-38ce008e145d'),
(151, '9', '29', '9728e39f-682c-0738-a927-9b83253d818f'),
(152, '19', '1', 'eea1c404-60c8-00fa-f9ef-23365a8e8a57'),
(153, '18', '1', 'b2cea374-778a-0310-39f6-c9deab3aba38'),
(154, '18', '8', '7fb334c9-f3b4-09a3-8d7f-f26191ebb33c'),
(155, '13', '2', 'a56dd49a-e672-0dce-8937-5cdb641c0278'),
(156, '16', '2', 'c06e5fd5-f85b-01c2-852d-6fa92a522fcc'),
(157, '18', '2', '1e508b82-4862-0c8e-c1b5-305f3d0799b6'),
(158, '14', '9', 'c624de56-e5d8-08be-a9a0-50a3efcf0931'),
(159, '19', '2', '099d0bc9-2170-02b5-b956-799b87e252e2'),
(160, '14', '1', '4e089cca-1964-012f-49ee-637ed3e717de'),
(161, '17', '1', '703fdf32-8a1a-0aac-75af-bda9aba1f190'),
(162, '20', '1', 'b72e03a6-98e7-070b-2125-1025ac508504'),
(163, '18', '7', '13fbf563-f55a-05ec-ad25-9a6a78a0f0c1'),
(164, '17', '2', '46617c51-d29a-0fc9-7d2a-6272a2855cd7'),
(165, '14', '2', '3ef4c67b-5bd5-0749-993b-837490f5a809'),
(166, '14', '3', 'e7272836-3dc1-0c71-593f-aa1929b19cc3'),
(167, '21', '1', '126c9d3b-086e-0d41-7101-c6589945cf48'),
(168, '17', '8', '859ff485-0511-0e63-a171-bfc27bc193af'),
(169, '13', '3', '6069ee08-6758-058a-7ded-bc4f2975856b'),
(170, '19', '3', 'f3c6c7b7-6c15-0012-dd63-3a71da5fedbc'),
(171, '18', '9', 'f52ea4aa-ddcd-08ab-918b-0a29346f0bf1'),
(172, '16', '3', 'd3ea9911-7964-0fa2-011c-b25475239b48'),
(173, '23', '1', 'f5e0d4dd-8b7f-0422-1151-cbd37dd5e7ac'),
(174, '18', '10', '9b4d9b30-ab5d-0200-e1a0-2ed1d0d08eb8'),
(175, '16', '4', '288cd0e5-ce10-08ca-ad45-23fcfbccadf1'),
(176, '21', '2', 'efd2c931-e222-094a-c15c-2182f71e1c00'),
(177, '16', '8', '3e6b320b-ef09-0733-41b0-d7162da790cb'),
(178, '20', '25', 'd9947e0a-b83c-0caa-19dd-4bc41aefdfb7'),
(179, '15', '1', 'facc3dc7-9dc2-08c7-9983-11a3e3decdab'),
(180, '22', '1', '3bfd32ef-b670-0aa3-e986-1df58c6106f6'),
(181, '23', '3', '2922ccfb-55f6-07cd-cd90-d2d66eb2fe24'),
(182, '14', '4', '6c0ef83b-f0d4-0e35-0941-f3ecaccd4a2b'),
(183, '23', '4', 'cd2c4842-be77-03c7-757b-5a66a0d393bd'),
(184, '16', '9', 'bd471867-489b-0178-3d7f-9e5cd008ed3b'),
(185, '18', '3', '4669d985-8b79-0cc4-e56f-d2f9d53e120a'),
(186, '17', '3', 'e2d7db05-326f-067c-c524-b5e876821758'),
(187, '18', '11', 'b31534fc-a4d3-0a79-65a2-5b538d614851'),
(188, '15', '2', 'bd85610c-ace6-0c93-3d7c-5ce03cd016ca'),
(189, '18', '12', '95685759-5f95-0ff1-cd17-1ec6d94a1d53'),
(190, '16', '6', 'cc1bf1bf-ced5-05de-81ac-deb151a292f0'),
(191, '14', '5', 'a8dbcb1f-f666-0400-35de-9ec9cf2b7324'),
(192, '16', '5', '9da464bd-3ecc-0847-5582-4a31ddac6151'),
(193, '15', '3', '58e50ef1-fe04-082b-1d75-1ef55d56772c'),
(194, '23', '6', 'ebece54e-e008-0ccd-75c2-9d7a90c245d4'),
(195, '14', '14', 'dac9729f-bcf2-0373-cd82-dba7bcfe3ef5'),
(196, '20', '20', 'b6005091-a935-0a6b-31cf-16ab0bdb5282'),
(197, '14', '24', '3838bc5f-054b-00f4-cd34-329b25f087b0'),
(198, '17', '4', 'fa03081f-5a49-021b-45af-23ea48579086'),
(199, '18', '4', '9f695ef7-0837-0739-5dbc-014ccc6f8176'),
(200, '23', '2', 'cc8504a3-ab2a-0070-8d58-8183991ceb80'),
(201, '19', '4', 'c3ee89bf-f535-0b2a-31fa-8a4d6e91192b'),
(202, '17', '6', '6524cd02-34a8-0ffb-19fb-78dbbac6b52f'),
(203, '14', '19', '1d9b9337-116c-0c59-2594-36948ebee166'),
(204, '16', '7', 'f854ce58-8908-062e-c576-9b1006cda88c'),
(205, '23', '8', 'd804a1e3-41fb-04e3-517e-8a57997edb55'),
(206, '13', '4', '58a4566b-f60b-0653-5542-f8a848914ccb'),
(207, '21', '3', 'af083add-b1be-0759-5de2-e66d67400b46'),
(208, '16', '20', '04c68ab3-4d60-04ec-1d16-d1aa77d4ba3e'),
(209, '22', '2', '5b694473-c42c-0dc0-61c0-4c7eb8d5d2f4'),
(210, '16', '25', '46079f63-68e8-0986-a97b-d0de11569f92'),
(211, '22', '3', '77541bbf-e544-0f77-0113-5ce48f29c41e'),
(212, '21', '4', '1a0728a5-c816-0f25-2530-f82e333a20e7'),
(213, '14', '11', 'eb0488cc-9cbd-0dd7-a915-8813d6f10516'),
(214, '18', '5', '282cbb79-af69-0465-8ded-756ef03a4729'),
(215, '23', '9', '6564b4f2-e44d-0f0b-35f3-a8e9679dfe1c'),
(216, '16', '14', 'c09ec940-bd6d-0f3c-09d1-199eab710bd6'),
(217, '21', '5', '309d99a0-f72a-0b90-7d3c-276e75be8edd'),
(218, '20', '23', 'cafb56dc-9288-06d8-adc3-e7a22ff06835'),
(219, '19', '5', '727a80b2-fd99-04f3-6ddc-3a85862d839f'),
(220, '13', '5', '4e430c54-e25a-04bd-9994-f0f006e8485b'),
(221, '23', '14', '246a4128-ce6d-0a2d-c98d-4a474c69cdb5'),
(222, '20', '8', '97d44331-c96c-0269-b9c6-6a9b0070b921'),
(223, '22', '4', '7a863919-d10e-0557-e56a-b8223b858526'),
(224, '14', '7', '01508c8e-7016-0065-d12a-7776734b6f46'),
(225, '21', '7', '94da277b-be24-0b51-e1cf-9b71e88b9c0b'),
(226, '17', '7', '2f1dc4df-1cc0-0338-2dbf-803665260702'),
(227, '27', '1', 'bc3f966c-2274-0dd8-5d9f-b5ba3730f316'),
(228, '25', '1', 'dd8f5241-b010-0bd2-e5f5-91724cf71e2f'),
(229, '23', '7', '2e39bcd6-01f2-07cb-35d5-b84848d6c983'),
(230, '15', '9', '2c01f91e-6c44-0ca7-0dc8-c78bb6d41ccb'),
(231, '16', '11', '1cd3a0a6-3444-0aea-2501-fc157eaa1e10'),
(232, '27', '8', '7ba55910-7f78-0253-e1a8-9e1f38ae407e'),
(233, '18', '6', '4265fdca-51e8-0997-71b3-edde70be80bc'),
(234, '21', '6', '0b729f68-f04e-021c-e9ea-76556583fd9e'),
(235, '17', '9', '35adf554-4627-0f08-dd25-cc43efc2d8e8'),
(236, '22', '7', '0b395982-1561-0232-8d70-8759be8ff450'),
(237, '15', '10', '06d003d2-1916-0735-c136-902aff38e7bd'),
(238, '17', '10', '30143808-2917-0664-69a5-e00c436963d6'),
(239, '27', '14', 'd100bcf6-34e2-0f72-0996-aecb48989369'),
(240, '25', '2', 'fca7e709-fdbb-0053-09b1-644fbfca6763'),
(241, '26', '23', '6bffb6cd-21ae-0ba6-010e-7e1517351564'),
(242, '17', '11', '7b0bcf18-dd85-096e-cde4-a2e5c6a9cef1'),
(243, '25', '4', 'fcdb8fe4-774a-0cc4-f134-05eba78e3607'),
(244, '17', '12', 'c44731a9-890d-0011-55f4-2c939c26052f'),
(245, '28', '24', '2435b877-f849-0fda-fdec-0091e03144cf'),
(246, '13', '6', '99007db6-d4cb-0c52-dd63-87625bf0e577'),
(247, '17', '14', '3bea511a-08a4-069b-5920-8e0bf97e7633'),
(248, '15', '11', '079586ec-9c32-0e0c-7d03-638e870b2fac'),
(249, '22', '6', 'eed9581b-ea98-0e9c-cd6c-3ead23d8c272'),
(250, '18', '13', 'a0c876a3-3fd0-0fcc-2509-c8f49d0cc84c'),
(251, '16', '15', 'f1e59eaf-4a81-0fd8-ed1d-55b8b99e2881'),
(252, '18', '19', '3358f58a-0b07-0ba4-711c-e09943dca2ed'),
(253, '26', '3', '943a7a01-a971-06cd-3d5d-d997d2ff9c3c'),
(254, '27', '3', 'b1f39540-3d54-0c2e-11e0-6f2e622260e0'),
(255, '19', '8', 'e2b853f1-bd5b-0677-e95a-c89fbdd4e22e'),
(256, '19', '6', 'e125787c-c970-001a-99f1-ad9630f3a6f2'),
(257, '18', '14', '11434b18-b708-06c3-397e-41d8471380de'),
(258, '23', '10', 'b249e630-1f0f-03f4-d1c1-24dd386919f8'),
(259, '23', '15', 'cbbb6ed6-e9a0-00b1-910b-c5ab928c7c33'),
(260, '23', '16', '4ff99ee2-f9d8-0ef8-5dae-83019867c5f8'),
(261, '17', '15', 'd2790f0d-d31f-0b5c-fd4a-1538f6d5120e'),
(262, '23', '17', 'd625e64c-f258-0214-8193-16d7c875a57e'),
(263, '22', '5', '8e6b8281-a62f-0341-f5a8-e942eb0cb370'),
(264, '27', '5', '15a4c665-73dd-059f-2dae-a7b89a23d521'),
(265, '23', '18', '1f276bd1-12f9-0b25-3937-af637ca5ca9b'),
(266, '20', '11', '46bc5fe3-584c-03bb-bdcb-f9f74d1a5995'),
(267, '28', '22', '9216e593-ae34-05bb-ed59-49439b2f3c4c'),
(268, '15', '12', '622f0e2d-ef30-0887-0579-d5886792b9be'),
(269, '28', '11', '43a56aad-5376-04c2-ed92-151e4da4896e'),
(270, '17', '16', 'ef566954-a7b2-00d8-b90a-85af35f6996d'),
(271, '26', '21', '6a99a6b4-a0a3-0919-f540-6392d7ddbea2'),
(272, '15', '14', '69f9558e-bfb4-0a3e-99c7-1273d52b1ab7'),
(273, '18', '15', 'dc593788-e348-0eac-1d55-a80188deaad6'),
(274, '23', '19', '6fdfdd11-6832-0691-65d4-a03d1ebc9442'),
(275, '19', '7', '0519aaf2-025c-0725-f5ac-c12bc851755e'),
(276, '28', '10', 'fe319b1b-9f8f-0ebb-5d51-c4c2373c72ff'),
(277, '25', '9', '2b79b048-bcca-071e-21ef-593555ca9c1e'),
(278, '28', '21', 'e52e089d-6216-083a-3dd6-97dd7b998c8d'),
(279, '14', '12', 'b42d9707-e92e-041c-159c-4dd75102be03'),
(280, '15', '15', '73696512-48ff-0948-79fd-7b1c15fee7f6'),
(281, '26', '18', '84e1d40c-73c9-0ccb-1179-f93f72b887bc'),
(282, '20', '10', 'f68ad929-9520-04db-614d-831a49b3bde8'),
(283, '16', '12', 'c6df0ba2-d99b-0d0d-f978-eee9bfb8cc6a'),
(284, '25', '5', 'a163cc67-f18c-0d7b-3549-1f375bd75274'),
(285, '23', '20', 'a52aa641-37ed-074b-a16e-44faf4b4f13a'),
(286, '28', '25', 'bde0016f-9d17-0920-fd44-52d3596dfcc1'),
(287, '23', '21', '82f04526-f1f5-0739-9548-6781cd7b07c7'),
(288, '28', '31', '326c85af-3cf0-0474-3dff-bc7636b7718a'),
(289, '15', '19', '76c9a682-f101-0b13-219b-f891671629ee'),
(290, '13', '7', 'ac2104be-b2c7-02a1-5118-a58dcdb07eb7'),
(291, '28', '13', 'c61680d3-a28a-038a-a526-a6686b9ddd2b'),
(292, '17', '17', '3fc9a13b-8dad-0995-6db2-f4dafd468aaa'),
(293, '19', '12', '9d44d632-716a-0077-754a-45ffaafd63c9'),
(294, '28', '33', 'cc7c43b4-185f-0af7-292c-205e5f517e34'),
(295, '23', '28', 'ff85406f-0c30-0f34-292a-ed8e671af274'),
(296, '16', '16', '0587f8c3-297f-03c9-3144-8c236760aea5'),
(297, '28', '3', '86b30bb5-7430-0ddf-3585-b5a36e9b47b2'),
(298, '28', '14', '83197a95-9beb-0b5f-a1f0-7cd24fbd9407'),
(299, '18', '16', 'a2c5f695-14f4-0f15-c9ce-5145a61808ee'),
(300, '19', '9', '2cbec8f3-a7e8-0c4e-11b7-4994c81522b2'),
(301, '28', '12', 'e8e79c97-fef0-0563-958d-9c0135bb9802'),
(302, '20', '9', '30d9df40-9ed0-0c8b-d961-ef1a45ea2c2f'),
(303, '28', '23', '46bf6b5c-2942-0846-ed05-52cc9a260994'),
(304, '27', '28', '356023e8-ec18-0ae4-c130-2d7a665dbaec'),
(305, '28', '6', 'd30c0487-8727-022a-81fc-13fa11645cf6'),
(306, '13', '8', '7d11b2af-3c08-04fd-157f-02903f7d5328'),
(307, '28', '5', '0b0d99b4-562a-0aab-39e2-fd22f22ddd67'),
(308, '15', '17', '366338bb-c93d-0a45-1572-8f6b73820259'),
(309, '18', '18', '8cd90173-1ee9-036f-2d0e-6a7ba2407b29'),
(310, '25', '3', 'ed007c07-dd53-0a4b-0540-a952efad005e'),
(311, '26', '22', '2021425e-a822-009b-15c3-e6213193b472'),
(312, '28', '20', 'abc71e93-fe89-0c44-8566-fe1d3cc547f1'),
(313, '23', '30', '642795b0-ae76-0924-4d13-ffae57ba8ae1'),
(314, '28', '17', 'e0195cb8-1e5b-0e49-3d71-d848820153ed'),
(315, '28', '7', 'bbb9c9bc-636e-084f-352f-50e5f2357cba'),
(316, '16', '17', 'c81dd7c8-4bed-089b-5d33-098f43eccd25'),
(317, '19', '20', '64daf974-6d62-0c4b-2dbd-17de609f8a4d'),
(318, '19', '11', 'd71eb013-a1c6-04d2-fd47-9355534b15e5'),
(319, '19', '24', '1f2008c9-a018-0c6f-3dfc-82b6d673c58b'),
(320, '19', '23', '82686a5c-f4e1-0f1c-b50d-b90f01d09042'),
(321, '16', '23', 'e21c3e04-70b3-0889-1179-4901460bcd83'),
(322, '20', '12', 'e5b4f042-46f6-0133-75af-6cddfc2d8f00'),
(323, '22', '8', 'f2638f83-fe74-0b75-d599-7d828af321f1'),
(324, '25', '6', 'f4b5e239-584e-0f28-d506-8e916f3eba7c'),
(325, '19', '13', 'f81441ea-3574-068c-fdb7-a47f6facf336'),
(326, '20', '13', '97c93ff1-2d83-028d-b19a-896c45e7a059'),
(327, '25', '14', '0be995f0-80ba-0c62-3547-0d757a0a2034'),
(328, '16', '21', 'f3f43c2a-e58b-0e7f-35a4-81488a63c703'),
(329, '14', '6', '5fb604e5-5d72-0a0d-a50b-f46c174f47e5'),
(330, '21', '11', 'aeb452b7-15d6-019b-5d7b-737416e19b7c'),
(331, '25', '33', '0edb22b8-65a0-0e67-69d6-0e69b451d04c'),
(332, '18', '25', '8faabd13-91bc-0db5-812c-a863755385ef'),
(333, '17', '18', '83aabd3c-53d1-06c3-0d22-193e468f0fb4'),
(334, '26', '1', 'd78aa8e9-326b-0300-69d2-bfcb1e45354c'),
(335, '27', '10', '1b1f93ad-3bfe-0e8f-4933-f1233bf3d7b2'),
(336, '20', '7', '1e3be936-56a3-00a3-e9ac-7ef30563022f'),
(337, '13', '9', '5a91b53c-92aa-0af3-759f-bc4f622f09db'),
(338, '17', '19', '7dbedc6f-52b8-00ae-b151-3257312dee4b'),
(339, '27', '25', 'e00ee685-d6c0-0171-25d7-29e84586bc4c'),
(340, '22', '9', '07ad32b0-0504-0db5-3d84-8eb8fcba3ffd'),
(341, '21', '13', '69305455-2976-0285-cd0f-7eb38f88bd8f'),
(342, '20', '19', 'd664c6cf-15d7-008b-91ea-e18737e11ca3'),
(343, '19', '14', 'a62a8e94-afe9-0403-79b2-bd92cb518cce'),
(344, '26', '15', '00b5dfe9-dff7-0058-5d92-950d6769f910'),
(345, '27', '11', 'aa78c897-8710-0677-b1bc-60eea752b7c3'),
(346, '21', '17', 'd1bb6932-af24-0f1d-6d80-75c1264cf4ba'),
(347, '13', '10', '5cbdde0e-5f6c-0a0e-c5f8-eb735bc0b898'),
(348, '15', '18', '97ec1c66-82c2-0bfb-b5b0-620d4dd999c2'),
(349, '28', '19', '1e80ba69-60e0-0880-d10b-52d2e3f6c427'),
(350, '25', '24', '5ca725ac-10a4-0ce1-f10e-ff01cbfd2ca5'),
(351, '28', '8', 'd1f8cfeb-6bc6-0ca0-7513-a184081783c9'),
(352, '21', '23', 'd8d5fa78-eb39-038d-d117-be5b84257bc3'),
(353, '20', '14', '2d1c7ec2-d821-092b-d900-a21d4e5d52d4'),
(354, '16', '18', '3bdb859d-be24-0cbd-c9c2-7d20b1478c53'),
(355, '13', '11', 'dd3a8872-5686-0c50-7924-bc8595912078'),
(356, '21', '10', '5a25b0de-28f4-0c51-01a9-28e483d0359c'),
(357, '28', '28', 'f01f7a00-3aa2-01bd-79d3-36627e766a5e'),
(358, '17', '20', 'c5b15b72-22df-04be-112c-a0c2644cf609'),
(359, '26', '16', '1217fbdb-e03e-03a7-211a-aa5c2d30bf9e'),
(360, '15', '29', 'cdec821d-9242-002b-59af-a4c875cea342'),
(361, '14', '15', 'fe0ebb05-cc89-0478-81c0-b970d802bede'),
(362, '14', '13', '878bb565-7477-0faa-4540-95571e957245'),
(363, '15', '20', '8a764758-afba-0054-c559-78dd1cbc371c'),
(364, '28', '30', '36594198-f38c-028e-75af-994c3c8c72f1'),
(365, '26', '31', '780ec5e9-9387-07e7-6de0-2c6d55e78066'),
(366, '15', '23', '72e59436-9d7e-070a-bdf3-fbe04a4a7061'),
(367, '26', '20', '4a7a4063-c8e9-0f11-2525-2e6af3c3d429'),
(368, '23', '13', 'bc3acd53-67b7-061c-7d91-f16b6fee4407'),
(369, '15', '32', '6c8f1e4a-cdf0-049e-c17f-8e4de85b76bb'),
(370, '26', '5', 'f9d5ade5-e2f9-0a5c-c54e-ca3c798924bf'),
(371, '28', '15', '890db125-fc2d-088c-a158-556aa2b19ae2'),
(372, '28', '9', '3d1c1e65-69b3-0af4-29db-401dd120bbc3'),
(373, '18', '22', 'a17a8d36-2b7c-023f-ad97-d8db98d75c8e'),
(374, '18', '28', 'a10be1d5-98d5-01c6-05c0-f6dae074f4dd'),
(375, '19', '15', 'dd29a4d4-515c-084d-1d88-96dd5bd30120'),
(376, '14', '16', '934d2441-f527-0220-01f0-d32ce59d5a68'),
(377, '26', '29', 'bce859cd-4ce4-0e1a-2547-1b69cc39b36c'),
(378, '16', '19', '4465b279-9a58-05f0-95e7-b8942378be43'),
(379, '13', '14', '536d8f98-989a-0e92-add9-2d494dde77f9'),
(380, '22', '10', 'd7f46eda-bb65-0ca9-19e5-9238caeffeaa'),
(381, '25', '7', '8d22ac31-da37-040d-2978-b13d426a7197'),
(382, '28', '32', 'effe4320-513b-029d-35af-b89cb944b8cf'),
(383, '17', '21', '9832c883-67d7-0d87-bdaa-808cf16f4001'),
(384, '19', '19', '540e7432-b3da-09c8-fd62-fe981d635cb2'),
(385, '27', '2', 'b5a88296-c376-0789-bd66-3bece535d106'),
(386, '20', '28', '5f57473a-05c1-032e-f51c-8c174c8c005e'),
(387, '22', '12', '04abbbc5-bc82-0e07-152d-13c92f1a97f3'),
(388, '22', '13', '0fab653e-66a8-0a00-2d08-1e822e42548f'),
(389, '21', '9', 'd1af3197-e163-0b2d-fd2c-fca716ad436f'),
(390, '19', '10', 'e590fc36-56e1-0d04-5dbc-f21adc86301a'),
(391, '23', '11', 'd4a6a194-38ea-024c-1174-3f6addd7b659'),
(392, '20', '2', 'dd25ce0a-1ce6-04a0-8540-26b8c236283a'),
(393, '23', '12', '620364a2-f1e9-0ecf-59f3-654f7fce6cd0'),
(394, '18', '17', 'fe48ef95-ec69-0f08-f97b-d0c0e5dc37e8'),
(395, '16', '22', '53611faf-1169-0f73-b55e-5c55b4061fef'),
(396, '22', '11', '474c2758-13a9-002b-8d42-5c9d99612692'),
(397, '17', '22', 'b72964fb-7e4f-01a8-41ac-2125e7205d14'),
(398, '19', '18', '702cfa48-856c-0bd6-2179-4b9a91197ff9'),
(399, '14', '25', 'a500c96e-4603-048c-8dbb-34d9c27e9d09'),
(400, '26', '11', '3a7247a0-e9de-031a-595b-81f07f77f201'),
(401, '17', '23', '87173af7-97be-0442-c975-7cdbcce4a8e9'),
(402, '18', '29', '0797d18d-2f5b-077d-a51c-f46b286571c3'),
(403, '14', '28', '229acc3a-de4a-07cf-0d17-e00d1006c220'),
(404, '17', '24', '9e2c5b1c-7cba-080a-b1bf-974532ebc4cd'),
(405, '14', '29', '8eba0e4a-2bf7-0119-f153-333c74e30aa3'),
(406, '18', '24', 'ef2be554-cb49-09ce-3dbb-f3d3f9ae6949'),
(407, '17', '25', '2d4c7e71-d6b4-044f-9db0-d15ac6c71c75'),
(408, '19', '16', 'aebe6de3-c9d9-0f52-8d07-ef206e882e76'),
(409, '14', '21', 'd1b56436-0792-0da4-ed0f-10ea81489f5c'),
(410, '16', '24', 'f11b52c0-1149-0b6a-c9c5-71b180b9fd73'),
(411, '14', '23', '8a3e9537-d6f8-0c72-7120-27e409d2b58f'),
(412, '18', '31', '84099f65-b149-026d-25fa-43dbfc3f5309'),
(413, '26', '8', '702946c3-aeec-0f82-392b-d150d7d7655a'),
(414, '13', '15', 'ecb0649a-8e0a-0474-01f0-14487bf82ed6'),
(415, '14', '10', '4a3bcd61-772e-073c-1149-d2c36347c689'),
(416, '19', '25', '23f0e04b-0a94-0391-fd4e-8f9d5cdc3630'),
(417, '20', '3', '3c7ab5bf-40f8-012f-9db1-a08987cabb0e'),
(418, '26', '24', 'c8e78895-6e83-019e-d5a7-d4be653461c6'),
(419, '13', '16', 'c2996121-b202-08bc-29ce-a17edff051b9'),
(420, '19', '28', '475c1c20-bd03-0b01-cd79-c65f7c387ee7'),
(421, '20', '4', 'dd1e225e-0688-05ac-d57e-c980c96ecea3'),
(422, '25', '11', '5aaa5391-0b3e-0268-612a-880081ae20da'),
(423, '19', '21', 'c4d9df77-a78e-042b-714f-009f3d3c67ba'),
(424, '17', '28', 'c8766306-7c51-048b-7dae-ce8979b7e6e9'),
(425, '15', '30', '924e0941-1c8a-0e9c-9d52-6bcc02fe8abe'),
(426, '27', '4', '77c98048-6426-0907-799c-5c65ecb934cf'),
(427, '28', '18', 'c26f1123-df66-0ec1-2128-cb1d230dab70'),
(428, '18', '32', '7c6188b2-124b-02d3-c9b7-84503e7822f5'),
(429, '18', '33', 'c8016426-af6f-0e80-bdb2-8e89a5b61135'),
(430, '13', '17', 'f5aea959-05dd-0e10-41ee-74659531ad7a'),
(431, '25', '22', '7b6776e4-ef1d-0caa-3d51-25128202f3ab'),
(432, '21', '31', '6cd60a2e-c2c1-0e27-0d2e-cc19e3307465'),
(433, '20', '32', 'ac13fc97-6716-0be8-b130-6238f6582475'),
(434, '19', '22', '564a1ba7-92e0-0770-2905-b073fbbaff4c'),
(435, '16', '28', '4e20dea2-4a1c-04bb-e189-b0b0d5782940'),
(436, '17', '5', 'a2c18ce2-f4e0-0597-f9be-89c5ef7e3369'),
(437, '19', '17', 'b8ea9bd1-cd9c-001f-798c-904cbc397ff4'),
(438, '21', '15', '35c56c3e-3e06-0f42-1570-5fb6c83056bc'),
(439, '16', '13', '3f1f512d-259e-0da7-8da0-21a995d10380'),
(440, '18', '20', 'e253b569-4073-0e39-0521-dc2abf49189a'),
(441, '28', '1', '7b32d321-71df-0164-f99e-f2806e0a82b2'),
(442, '23', '22', '1a69296a-6ccd-0011-ed09-86b04f73c086'),
(443, '19', '33', '4046e9d2-a2bc-0e0f-397e-f332a84002c4'),
(444, '21', '14', '51848ac8-2850-0498-d55d-ce5b13228beb'),
(445, '15', '4', '541383e8-cd0a-0cb6-09f3-ae06ec4a269b'),
(446, '16', '31', '7274510b-8b72-01ef-c585-9904b390609e'),
(447, '20', '29', '2972d095-cc02-053c-7548-f73f04f767e0'),
(448, '21', '12', '1672aa4e-2049-0d15-2984-7554e003f9f1'),
(449, '28', '2', 'c5681ec6-9209-027d-054f-83790e515024'),
(450, '22', '20', 'a094a8cc-475d-0e44-fdb0-6a4ee9792924'),
(451, '25', '20', 'd61d3869-09ea-00f9-c516-4cf32d5eb3c6'),
(452, '19', '31', 'cfebbc0a-d822-0052-997f-805548d2db68'),
(453, '16', '29', 'b5ad7e9a-7451-0259-0175-bc73776f25c4'),
(454, '15', '7', 'e69df30c-8391-0c90-9147-4beef6ea313f'),
(455, '16', '30', '458e6046-618f-04ad-d989-c125d87e3742'),
(456, '22', '33', '776d1b20-b6bf-0aea-e1f1-fd4ce2bf9836'),
(457, '13', '18', '2bfef9de-5f16-0d34-39c2-b7080159ad14'),
(458, '17', '30', '3a9e1d54-590d-0c87-a1d3-5360f61a2606'),
(459, '17', '33', '65c481d2-08cf-0cd8-51cf-cb5984a14bfd'),
(460, '21', '33', '60041ae4-713e-057d-4511-1470d7b94423'),
(461, '19', '32', '2bf3aa41-7f78-081b-4df5-9be91c02eb92'),
(462, '22', '15', 'cf7a4852-b24c-0ed5-494a-249b6b8b282f'),
(463, '21', '32', 'ad74d4ae-f5b6-0055-c13a-133579262bfc'),
(464, '29', '1', '20e793d2-c077-0f19-b593-896882475c75'),
(465, '23', '23', '897f8114-6301-0205-d9cb-fe04cd0befb0'),
(466, '22', '16', 'fa96d751-9c75-09f0-21c5-c3aae3f43225'),
(467, '29', '3', 'ca3c10d3-fa80-06bf-85b9-f9e821f396d0'),
(468, '13', '19', '71b0c890-bfb5-044e-09c8-2537c9f73993'),
(469, '15', '5', 'ff5f957a-9846-0ca1-311e-be7fcca55b89'),
(470, '20', '24', 'f2d55e63-59cc-0d63-1db5-3da8b152d05d'),
(471, '17', '13', 'b437f857-cf77-0333-1d1d-761604fd1f79'),
(472, '20', '5', 'fa6241fa-430f-032f-0d70-a7d322b285fd'),
(473, '15', '31', '9526fc84-4e43-09b9-8ded-b8527d7c6545'),
(474, '18', '21', '2082eaf5-2ebf-0634-8109-833cf2ac5513'),
(475, '29', '31', 'd78b5988-fc2f-0529-4df5-a14e3f0a213d'),
(476, '29', '32', 'eed24d43-0d1d-05b7-bd35-a5ccbb6efc47'),
(477, '16', '33', '5608c3ec-52e3-05da-0975-a047ce86975e'),
(478, '22', '17', '4fb77da3-5b9a-0aea-c5a5-573c5108453e'),
(479, '15', '13', '8d28781d-f5ba-02cd-157e-06d4e763ebce'),
(480, '28', '4', 'ba37d462-4d9d-0348-49b0-8939a6944e3f'),
(481, '16', '32', 'fa922519-a3ae-07df-1907-18366ff6c132'),
(482, '18', '23', '66d36a7d-b0b7-0751-ede0-34673c4bcd3b'),
(483, '29', '33', '90d7935c-d607-0cda-c95c-82778441a66c'),
(484, '26', '4', '66ecc0e8-1bef-0134-b9fc-b5de436646b7'),
(485, '20', '22', 'e8478218-2261-069c-d1c5-19146bf2d9ce'),
(486, '15', '33', '20471094-8744-04cf-25dc-a229ae6777a9'),
(487, '15', '24', '63f99ff7-6f13-0d52-155f-83fb524c5a9e'),
(488, '25', '21', 'bdb275dd-dbff-0a4b-f18c-ad2ceb840201'),
(489, '23', '32', '88efda8f-455b-03b7-15cb-cce2a8dd58fc'),
(490, '14', '17', 'e51b0d12-28dd-0a98-1113-c4d9d259d321'),
(491, '17', '32', '1560d779-6f2e-0a58-6125-3989c987de0d'),
(492, '19', '30', '7204400b-d5bf-0552-09a0-2294a584ba8e'),
(493, '26', '12', '839fa141-fd32-019f-f53f-43db03e33997'),
(494, '23', '33', '8766e988-800d-05b3-e1e8-a68a822a4bf1'),
(495, '14', '22', '0b6c63b8-ad38-0cf0-656d-75fa65b80e7f'),
(496, '14', '20', 'b42c60dd-6017-0518-6d6d-8652ce48134f'),
(497, '17', '29', '86566e63-0d83-0690-5592-6618d6d59a7d'),
(498, '17', '31', '90673b87-87e7-04ea-7146-fec486a59bce'),
(499, '20', '6', '290c7a4e-c770-0381-31c4-53a251d25cee'),
(500, '22', '18', 'c9bc6720-c790-06cf-39b9-fbef6720fd71'),
(501, '13', '20', '312e2ce1-5617-0ba6-75e0-7b92fdd08d17'),
(502, '13', '21', '1c22f5ac-27b2-0378-ad7f-44a14f88302e'),
(503, '26', '6', 'e4f907d4-d16d-05e0-4dd8-3d84331756a0'),
(504, '26', '28', 'd47ac94d-e8ac-0ede-31bc-be078b0a93ac'),
(505, '15', '6', 'c456e51b-fcd8-0bf3-0de6-2dec8314137c'),
(506, '20', '15', 'ee90351b-2d75-0301-892b-bae9a2c5b883'),
(507, '26', '33', '45423266-fb29-0eda-71d4-a80f3e8b54d6'),
(508, '29', '28', '99ccbff6-efb1-0a7d-ada7-a8e85d67abdc'),
(509, '29', '29', '16b4227e-19c6-0bce-954b-855cb3e09de0'),
(510, '20', '16', '8dfa3356-4548-086a-0de4-96f6e708735a'),
(511, '13', '22', '5e5abbdf-cbcb-0b05-75fa-05b914a70e4a'),
(512, '20', '17', '4606f854-18d6-0c7d-897b-c3029d88bee7'),
(513, '22', '19', '60bd7f92-9b04-0f1b-6917-0c3a7288df62'),
(514, '26', '19', '97093dfe-f6a2-0266-f1ed-a4296697e0cc'),
(515, '26', '2', 'c4755664-7fd1-0cfe-617d-3d2d279d0bba'),
(516, '26', '7', '253f9881-386f-0f51-f939-a5664ede1684'),
(517, '16', '10', '37393e38-b135-04cc-2d26-737c5b7b54fd'),
(518, '15', '25', 'cc12b5d5-2ace-01dc-8524-ca307485e8a8'),
(519, '13', '24', '14ced941-3106-0fe5-3168-04fdc09f1c1a'),
(520, '15', '28', '42cfc105-1967-097e-3584-0cdcda9a7f25'),
(521, '22', '24', 'c99051df-db39-0d19-69b8-043e1e0b624e'),
(522, '29', '25', 'ed2fbce7-963b-0795-bdf6-351cf09149a8'),
(523, '19', '29', '86230c25-c2a0-0ec6-3590-d1a61a5e7360'),
(524, '29', '19', 'b74b71cd-2403-0dd9-a5e2-f33d28db1d13'),
(525, '13', '23', '79ecfc61-ab0d-0642-dd6a-545435d19714'),
(526, '20', '21', 'e40300c2-b25a-03cb-49a6-02099bc4226a'),
(527, '29', '17', '1ed04992-7352-0e64-1df5-6ae102fd4e72'),
(528, '21', '21', 'c8a5e03f-d78a-0d65-0dc1-4f82d7f7e921'),
(529, '25', '23', '765dbda9-335e-0e36-a1a0-c1609d68bab1'),
(530, '21', '16', 'd26dbcdf-1f67-032f-7179-a2f02279dbb1'),
(531, '26', '32', 'b7a4d3e2-0505-0580-9503-ee8a4774196d'),
(532, '21', '20', 'a8245e82-1cf6-0838-f90a-2fc91c9866bd'),
(533, '22', '28', 'fcf9f4d6-39d3-07fe-6136-5bf8f7ddcc23'),
(534, '25', '13', '95601735-a31e-045f-9125-13ca53bd6425'),
(535, '21', '24', 'b6d5675a-5d06-0803-ed4a-1450f3e485b7'),
(536, '21', '22', '1fb608ca-6120-01dd-69e7-bb4c68322e30'),
(537, '27', '13', 'c0fc63e4-6d94-048a-2de9-ddbc1fbd8d9b'),
(538, '27', '23', 'be4c70ee-7d90-0bb3-8504-cb37d2ee6c42'),
(539, '26', '13', '197248e9-aa5a-05d4-7d2e-2647735d05ea'),
(540, '13', '25', '43081a04-2c65-04eb-f159-ec226aaddf98'),
(541, '15', '21', '9c52b6d2-6b68-03c8-35b1-8176248149d1'),
(542, '26', '30', '2de406ed-dc34-0a3e-85aa-683da2e0fe31'),
(543, '21', '28', 'f1d8ba43-c0ad-0660-89e0-bacfeceab611'),
(544, '15', '22', '0181e7cb-b144-008d-49db-4467541b4b81'),
(545, '30', '1', 'c5bd6971-7c54-04cb-657e-dff930770a43'),
(546, '30', '2', '1942de03-97f2-0f7b-b584-4fd4e541bf87'),
(547, '30', '3', '1f9790fa-81c6-05c0-7d2b-6b76417c6dd2'),
(548, '29', '2', '048e397c-3730-0744-7502-c8877de1f6fd'),
(549, '30', '4', 'bd05c24a-cf16-03fc-6d2d-f1db0762c88f'),
(550, '30', '6', 'a6454e22-6ae2-08bc-a100-209ffb6152db'),
(551, '29', '30', '752fdbc6-66ca-02d4-d5ac-b32a3dcacc36'),
(552, '26', '14', 'cb6c841e-44f0-05bf-0dca-00efd2898c4d'),
(553, '23', '24', 'a83b0088-6f88-0baa-b91a-abfa176474b0'),
(554, '13', '32', 'f3162288-82c1-07c9-69f2-5bb49940b62d'),
(555, '27', '20', 'e52a827c-b5b6-082c-f1a9-b1c874cb14f4'),
(556, '13', '31', '5c2129be-353a-0468-d1fb-3aa08553ada1'),
(557, '27', '22', 'c9bd2e2b-2bd3-0184-2d18-f87cb5fbd3b4'),
(558, '20', '30', 'e88e1c89-f09c-0d30-3d56-55925d9b4a24'),
(559, '22', '32', 'ac1a1c5a-2c42-0f34-858f-cf8486e7bd53'),
(560, '27', '6', 'b8777967-c831-03a5-d596-cfef4fc659f8'),
(561, '28', '16', '55e9c850-8588-0541-7d88-6d4631832568'),
(562, '20', '31', '146dee94-8561-0582-7583-348d4e270bfb'),
(563, '22', '31', 'e82d42bf-6605-0534-7902-5112753d0834'),
(564, '18', '30', '3c3f1eff-34df-009d-05af-7a3a0004c585'),
(565, '26', '17', 'aa26efbc-9c09-00d8-5523-6164a6ad9a7b'),
(566, '26', '10', '06f0b04a-9655-0802-a99f-d312682c8fbd'),
(567, '13', '29', 'fd998014-6833-029c-e986-76574fdde8a4'),
(568, '21', '29', '60d9d160-cce8-07de-e93e-73280badd49e'),
(569, '22', '29', '052d82e7-4038-0ada-55b1-b604e5cb21aa'),
(570, '21', '30', 'b2d8d26c-6c20-0614-5d59-671e19a9d31d'),
(571, '27', '9', '6d0cab58-9a98-05a5-d96f-8716cd4fe946'),
(572, '22', '22', 'e97e9dbe-151a-0f42-e140-455308c6b82a'),
(573, '20', '33', '257590f9-32a0-032a-419d-9ad78d53d740'),
(574, '7', '5', '4a5681f3-1c51-0bf5-0520-d14b7d2302a1');

-- --------------------------------------------------------

--
-- Table structure for table `user_score`
--

CREATE TABLE IF NOT EXISTS `user_score` (
  `id` int(11) NOT NULL AUTO_INCREMENT,
  `user_id` int(11) NOT NULL,
  `challenge_id` int(11) NOT NULL,
  `class_id` int(11) NOT NULL,
  `points` int(11) NOT NULL,
  `penalties_bonuses` longtext CHARACTER SET ascii COLLATE ascii_bin,
  PRIMARY KEY (`id`),
  KEY `user_id` (`user_id`,`challenge_id`,`class_id`)
) ENGINE=InnoDB  DEFAULT CHARSET=latin1 AUTO_INCREMENT=575 ;

--
-- Dumping data for table `user_score`
--

INSERT INTO `user_score` (`id`, `user_id`, `challenge_id`, `class_id`, `points`, `penalties_bonuses`) VALUES
(15, 3, 1, 1, 5, ''),
(16, 3, 2, 1, 5, ''),
(17, 3, 4, 1, 0, ''),
(18, 3, 5, 1, 0, ''),
(19, 3, 6, 1, 0, ''),
(20, 4, 1, 1, 5, ''),
(21, 4, 2, 1, 5, ''),
(22, 5, 1, 1, 5, ''),
(23, 5, 2, 1, 5, ''),
(24, 5, 3, 1, 5, ''),
(25, 5, 4, 1, 0, ''),
(26, 4, 3, 1, 0, ''),
(27, 5, 5, 1, 5, ''),
(28, 5, 6, 1, 5, ''),
(29, 5, 7, 1, 0, ''),
(30, 4, 4, 1, 0, ''),
(31, 3, 8, 1, 5, ''),
(32, 3, 9, 1, 5, ''),
(33, 3, 10, 1, 5, ''),
(34, 3, 11, 1, 5, ''),
(35, 3, 12, 1, 5, ''),
(36, 3, 14, 1, 0, ''),
(37, 3, 15, 1, 0, ''),
(38, 3, 19, 1, 5, ''),
(39, 3, 16, 1, 5, ''),
(40, 3, 17, 1, 0, ''),
(41, 3, 18, 1, 0, ''),
(42, 4, 20, 1, 5, ''),
(43, 3, 20, 1, 0, ''),
(44, 3, 21, 1, 0, ''),
(45, 3, 22, 1, 0, ''),
(46, 3, 23, 1, 0, ''),
(47, 3, 13, 1, 0, ''),
(48, 4, 7, 1, 0, ''),
(49, 3, 3, 1, 5, ''),
(50, 3, 7, 1, 0, ''),
(51, 4, 5, 1, 0, ''),
(52, 6, 1, 1, 0, ''),
(53, 8, 9, 1, 0, ''),
(54, 8, 8, 1, 0, ''),
(55, 4, 21, 1, 5, ''),
(56, 8, 10, 1, 0, ''),
(57, 8, 11, 1, 0, ''),
(58, 8, 13, 1, 0, ''),
(59, 4, 22, 1, 5, ''),
(60, 8, 12, 1, 0, ''),
(61, 4, 23, 1, 0, ''),
(62, 8, 14, 1, 0, ''),
(63, 8, 15, 1, 0, ''),
(64, 8, 16, 1, 0, ''),
(65, 4, 11, 1, 0, ''),
(66, 8, 17, 1, 0, ''),
(67, 8, 19, 1, 0, ''),
(68, 8, 18, 1, 0, ''),
(69, 4, 6, 1, 0, ''),
(70, 8, 1, 1, 0, ''),
(71, 8, 4, 1, 0, ''),
(72, 8, 7, 1, 0, ''),
(73, 8, 5, 1, 0, ''),
(74, 8, 3, 1, 0, ''),
(75, 8, 2, 1, 0, ''),
(76, 8, 6, 1, 0, ''),
(77, 4, 18, 1, 0, ''),
(78, 3, 25, 1, 0, ''),
(79, 3, 27, 1, 0, ''),
(80, 4, 12, 1, 0, ''),
(81, 3, 24, 1, 0, ''),
(82, 4, 14, 1, 0, ''),
(83, 4, 15, 1, 0, ''),
(84, 9, 1, 1, 50, ''),
(85, 9, 16, 1, 0, ''),
(86, 9, 17, 1, 0, ''),
(87, 9, 18, 1, 0, ''),
(88, 9, 19, 1, 0, ''),
(89, 9, 32, 1, 0, ''),
(90, 9, 24, 1, 0, ''),
(91, 3, 33, 1, 0, ''),
(92, 3, 28, 1, 0, ''),
(93, 9, 2, 1, 0, ''),
(94, 7, 8, 1, 0, ''),
(95, 9, 4, 1, 0, ''),
(96, 9, 14, 1, 0, ''),
(97, 9, 21, 1, 0, ''),
(98, 10, 1, 1, 50, ''),
(99, 10, 9, 1, 0, ''),
(100, 10, 2, 1, 0, ''),
(101, 9, 3, 1, 100, ''),
(102, 9, 5, 1, 100, ''),
(103, 10, 12, 1, 0, ''),
(104, 10, 3, 1, 0, ''),
(105, 10, 19, 1, 0, ''),
(106, 10, 24, 1, 0, ''),
(107, 10, 20, 1, 0, ''),
(108, 10, 15, 1, 0, ''),
(109, 9, 6, 1, 50, ''),
(110, 9, 7, 1, 0, ''),
(111, 11, 1, 1, 50, ''),
(112, 9, 8, 1, 0, ''),
(113, 11, 2, 1, 100, ''),
(114, 11, 3, 1, 100, ''),
(115, 11, 28, 1, 0, ''),
(116, 9, 10, 1, 0, ''),
(117, 3, 31, 1, 0, ''),
(118, 3, 32, 1, 0, ''),
(119, 7, 14, 1, 0, ''),
(120, 7, 24, 1, 0, ''),
(121, 3, 29, 1, 0, ''),
(122, 3, 30, 1, 0, ''),
(123, 12, 1, 1, 50, ''),
(124, 12, 2, 1, 100, ''),
(125, 12, 3, 1, 100, ''),
(126, 12, 4, 1, 100, ''),
(127, 12, 5, 1, 100, ''),
(128, 12, 6, 1, 50, ''),
(129, 12, 7, 1, 100, ''),
(130, 12, 8, 1, 0, ''),
(131, 12, 9, 1, 0, ''),
(132, 12, 10, 1, 0, ''),
(133, 12, 11, 1, 0, ''),
(134, 12, 12, 1, 0, ''),
(135, 12, 13, 1, 0, ''),
(136, 12, 14, 1, 0, ''),
(137, 12, 15, 1, 0, ''),
(138, 12, 16, 1, 0, ''),
(139, 12, 17, 1, 0, ''),
(140, 12, 18, 1, 0, ''),
(141, 12, 19, 1, 0, ''),
(142, 12, 20, 1, 0, ''),
(143, 12, 21, 1, 0, ''),
(144, 12, 25, 1, 50, ''),
(145, 12, 28, 1, 0, ''),
(146, 12, 24, 1, 50, ''),
(147, 13, 1, 1, 50, ''),
(148, 16, 1, 1, 0, ''),
(149, 14, 8, 1, 0, ''),
(150, 15, 8, 1, 0, ''),
(151, 9, 29, 1, 0, ''),
(152, 19, 1, 1, 50, ''),
(153, 18, 1, 1, 50, ''),
(154, 18, 8, 1, 0, ''),
(155, 13, 2, 1, 100, ''),
(156, 16, 2, 1, 100, ''),
(157, 18, 2, 1, 0, ''),
(158, 14, 9, 1, 0, ''),
(159, 19, 2, 1, 100, ''),
(160, 14, 1, 1, 50, ''),
(161, 17, 1, 1, 50, ''),
(162, 20, 1, 1, 50, ''),
(163, 18, 7, 1, 100, ''),
(164, 17, 2, 1, 100, ''),
(165, 14, 2, 1, 100, ''),
(166, 14, 3, 1, 100, ''),
(167, 21, 1, 1, 50, ''),
(168, 17, 8, 1, 0, ''),
(169, 13, 3, 1, 0, ''),
(170, 19, 3, 1, 0, ''),
(171, 18, 9, 1, 100, ''),
(172, 16, 3, 1, 100, ''),
(173, 23, 1, 1, 50, ''),
(174, 18, 10, 1, 0, ''),
(175, 16, 4, 1, 0, ''),
(176, 21, 2, 1, 0, ''),
(177, 16, 8, 1, 0, ''),
(178, 20, 25, 1, 0, ''),
(179, 15, 1, 1, 50, ''),
(180, 22, 1, 1, 50, ''),
(181, 23, 3, 1, 0, ''),
(182, 14, 4, 1, 0, ''),
(183, 23, 4, 1, 0, ''),
(184, 16, 9, 1, 100, ''),
(185, 18, 3, 1, 100, ''),
(186, 17, 3, 1, 0, ''),
(187, 18, 11, 1, 0, ''),
(188, 15, 2, 1, 0, ''),
(189, 18, 12, 1, 0, ''),
(190, 16, 6, 1, 50, ''),
(191, 14, 5, 1, 0, ''),
(192, 16, 5, 1, 0, ''),
(193, 15, 3, 1, 0, ''),
(194, 23, 6, 1, 0, ''),
(195, 14, 14, 1, 0, ''),
(196, 20, 20, 1, 0, ''),
(197, 14, 24, 1, 0, ''),
(198, 17, 4, 1, 0, ''),
(199, 18, 4, 1, 0, ''),
(200, 23, 2, 1, 0, ''),
(201, 19, 4, 1, 0, ''),
(202, 17, 6, 1, 50, ''),
(203, 14, 19, 1, 0, ''),
(204, 16, 7, 1, 100, ''),
(205, 23, 8, 1, 0, ''),
(206, 13, 4, 1, 0, ''),
(207, 21, 3, 1, 0, ''),
(208, 16, 20, 1, 0, ''),
(209, 22, 2, 1, 0, ''),
(210, 16, 25, 1, 100, ''),
(211, 22, 3, 1, 0, ''),
(212, 21, 4, 1, 0, ''),
(213, 14, 11, 1, 50, ''),
(214, 18, 5, 1, 0, ''),
(215, 23, 9, 1, 0, ''),
(216, 16, 14, 1, 0, ''),
(217, 21, 5, 1, 0, ''),
(218, 20, 23, 1, 0, ''),
(219, 19, 5, 1, 0, ''),
(220, 13, 5, 1, 0, ''),
(221, 23, 14, 1, 0, ''),
(222, 20, 8, 1, 0, ''),
(223, 22, 4, 1, 0, ''),
(224, 14, 7, 1, 100, ''),
(225, 21, 7, 1, 100, ''),
(226, 17, 7, 1, 100, ''),
(227, 27, 1, 1, 50, ''),
(228, 25, 1, 1, 50, ''),
(229, 23, 7, 1, 0, ''),
(230, 15, 9, 1, 100, ''),
(231, 16, 11, 1, 50, ''),
(232, 27, 8, 1, 0, ''),
(233, 18, 6, 1, 0, ''),
(234, 21, 6, 1, 50, ''),
(235, 17, 9, 1, 100, ''),
(236, 22, 7, 1, 100, ''),
(237, 15, 10, 1, 0, ''),
(238, 17, 10, 1, 0, ''),
(239, 27, 14, 1, 0, ''),
(240, 25, 2, 1, 0, ''),
(241, 26, 23, 1, 0, ''),
(242, 17, 11, 1, 0, ''),
(243, 25, 4, 1, 0, ''),
(244, 17, 12, 1, 0, ''),
(245, 28, 24, 1, 0, ''),
(246, 13, 6, 1, 50, ''),
(247, 17, 14, 1, 0, ''),
(248, 15, 11, 1, 0, ''),
(249, 22, 6, 1, 50, ''),
(250, 18, 13, 1, 0, ''),
(251, 16, 15, 1, 100, ''),
(252, 18, 19, 1, 200, ''),
(253, 26, 3, 1, 0, ''),
(254, 27, 3, 1, 100, ''),
(255, 19, 8, 1, 0, ''),
(256, 19, 6, 1, 0, ''),
(257, 18, 14, 1, 0, ''),
(258, 23, 10, 1, 0, ''),
(259, 23, 15, 1, 0, ''),
(260, 23, 16, 1, 0, ''),
(261, 17, 15, 1, 100, ''),
(262, 23, 17, 1, 0, ''),
(263, 22, 5, 1, 0, ''),
(264, 27, 5, 1, 0, ''),
(265, 23, 18, 1, 0, ''),
(266, 20, 11, 1, 50, ''),
(267, 28, 22, 1, 0, ''),
(268, 15, 12, 1, 0, ''),
(269, 28, 11, 1, 0, ''),
(270, 17, 16, 1, 0, ''),
(271, 26, 21, 1, 50, ''),
(272, 15, 14, 1, 0, ''),
(273, 18, 15, 1, 0, ''),
(274, 23, 19, 1, 0, ''),
(275, 19, 7, 1, 100, ''),
(276, 28, 10, 1, 0, ''),
(277, 25, 9, 1, 0, ''),
(278, 28, 21, 1, 50, ''),
(279, 14, 12, 1, 0, ''),
(280, 15, 15, 1, 0, ''),
(281, 26, 18, 1, 100, ''),
(282, 20, 10, 1, 30, ''),
(283, 16, 12, 1, 150, ''),
(284, 25, 5, 1, 0, ''),
(285, 23, 20, 1, 0, ''),
(286, 28, 25, 1, 0, ''),
(287, 23, 21, 1, 0, ''),
(288, 28, 31, 1, 0, ''),
(289, 15, 19, 1, 0, ''),
(290, 13, 7, 1, 100, ''),
(291, 28, 13, 1, 0, ''),
(292, 17, 17, 1, 150, ''),
(293, 19, 12, 1, 0, ''),
(294, 28, 33, 1, 0, ''),
(295, 23, 28, 1, 0, ''),
(296, 16, 16, 1, 0, ''),
(297, 28, 3, 1, 0, ''),
(298, 28, 14, 1, 0, ''),
(299, 18, 16, 1, 0, ''),
(300, 19, 9, 1, 100, ''),
(301, 28, 12, 1, 0, ''),
(302, 20, 9, 1, 100, ''),
(303, 28, 23, 1, 0, ''),
(304, 27, 28, 1, 0, ''),
(305, 28, 6, 1, 0, ''),
(306, 13, 8, 1, 0, ''),
(307, 28, 5, 1, 0, ''),
(308, 15, 17, 1, 0, ''),
(309, 18, 18, 1, 0, ''),
(310, 25, 3, 1, 0, ''),
(311, 26, 22, 1, 0, ''),
(312, 28, 20, 1, 0, ''),
(313, 23, 30, 1, 0, ''),
(314, 28, 17, 1, 0, ''),
(315, 28, 7, 1, 0, ''),
(316, 16, 17, 1, 0, ''),
(317, 19, 20, 1, 0, ''),
(318, 19, 11, 1, 50, ''),
(319, 19, 24, 1, 0, ''),
(320, 19, 23, 1, 0, ''),
(321, 16, 23, 1, 0, ''),
(322, 20, 12, 1, 0, ''),
(323, 22, 8, 1, 0, ''),
(324, 25, 6, 1, 0, ''),
(325, 19, 13, 1, 100, ''),
(326, 20, 13, 1, 0, ''),
(327, 25, 14, 1, 0, ''),
(328, 16, 21, 1, 50, ''),
(329, 14, 6, 1, 0, ''),
(330, 21, 11, 1, 0, ''),
(331, 25, 33, 1, 0, ''),
(332, 18, 25, 1, 100, ''),
(333, 17, 18, 1, 100, ''),
(334, 26, 1, 1, 0, ''),
(335, 27, 10, 1, 0, ''),
(336, 20, 7, 1, 0, ''),
(337, 13, 9, 1, 100, ''),
(338, 17, 19, 1, 0, ''),
(339, 27, 25, 1, 0, ''),
(340, 22, 9, 1, 0, ''),
(341, 21, 13, 1, 0, ''),
(342, 20, 19, 1, 0, ''),
(343, 19, 14, 1, 0, ''),
(344, 26, 15, 1, 100, ''),
(345, 27, 11, 1, 0, ''),
(346, 21, 17, 1, 150, ''),
(347, 13, 10, 1, 0, ''),
(348, 15, 18, 1, 0, ''),
(349, 28, 19, 1, 0, ''),
(350, 25, 24, 1, 0, ''),
(351, 28, 8, 1, 0, ''),
(352, 21, 23, 1, 0, ''),
(353, 20, 14, 1, 0, ''),
(354, 16, 18, 1, 100, ''),
(355, 13, 11, 1, 50, ''),
(356, 21, 10, 1, 0, ''),
(357, 28, 28, 1, 0, ''),
(358, 17, 20, 1, 0, ''),
(359, 26, 16, 1, 0, ''),
(360, 15, 29, 1, 0, ''),
(361, 14, 15, 1, 100, ''),
(362, 14, 13, 1, 0, ''),
(363, 15, 20, 1, 0, ''),
(364, 28, 30, 1, 0, ''),
(365, 26, 31, 1, 0, ''),
(366, 15, 23, 1, 0, ''),
(367, 26, 20, 1, 0, ''),
(368, 23, 13, 1, 0, ''),
(369, 15, 32, 1, 0, ''),
(370, 26, 5, 1, 0, ''),
(371, 28, 15, 1, 100, ''),
(372, 28, 9, 1, 0, ''),
(373, 18, 22, 1, 0, ''),
(374, 18, 28, 1, 150, ''),
(375, 19, 15, 1, 100, ''),
(376, 14, 16, 1, 0, ''),
(377, 26, 29, 1, 0, ''),
(378, 16, 19, 1, 0, ''),
(379, 13, 14, 1, 0, ''),
(380, 22, 10, 1, 0, ''),
(381, 25, 7, 1, 0, ''),
(382, 28, 32, 1, 0, ''),
(383, 17, 21, 1, 0, ''),
(384, 19, 19, 1, 0, ''),
(385, 27, 2, 1, 0, ''),
(386, 20, 28, 1, 0, ''),
(387, 22, 12, 1, 0, ''),
(388, 22, 13, 1, 0, ''),
(389, 21, 9, 1, 0, ''),
(390, 19, 10, 1, 0, ''),
(391, 23, 11, 1, 0, ''),
(392, 20, 2, 1, 0, ''),
(393, 23, 12, 1, 0, ''),
(394, 18, 17, 1, 0, ''),
(395, 16, 22, 1, 0, ''),
(396, 22, 11, 1, 0, ''),
(397, 17, 22, 1, 0, ''),
(398, 19, 18, 1, 100, ''),
(399, 14, 25, 1, 0, ''),
(400, 26, 11, 1, 0, ''),
(401, 17, 23, 1, 0, ''),
(402, 18, 29, 1, 0, ''),
(403, 14, 28, 1, 0, ''),
(404, 17, 24, 1, 0, ''),
(405, 14, 29, 1, 0, ''),
(406, 18, 24, 1, 50, ''),
(407, 17, 25, 1, 100, ''),
(408, 19, 16, 1, 0, ''),
(409, 14, 21, 1, 0, ''),
(410, 16, 24, 1, 0, ''),
(411, 14, 23, 1, 0, ''),
(412, 18, 31, 1, 200, ''),
(413, 26, 8, 1, 0, ''),
(414, 13, 15, 1, 100, ''),
(415, 14, 10, 1, 0, ''),
(416, 19, 25, 1, 0, ''),
(417, 20, 3, 1, 0, ''),
(418, 26, 24, 1, 0, ''),
(419, 13, 16, 1, 100, ''),
(420, 19, 28, 1, 0, ''),
(421, 20, 4, 1, 0, ''),
(422, 25, 11, 1, 0, ''),
(423, 19, 21, 1, 0, ''),
(424, 17, 28, 1, 150, ''),
(425, 15, 30, 1, 0, ''),
(426, 27, 4, 1, 0, ''),
(427, 28, 18, 1, 100, ''),
(428, 18, 32, 1, 200, ''),
(429, 18, 33, 1, 150, ''),
(430, 13, 17, 1, 150, ''),
(431, 25, 22, 1, 0, ''),
(432, 21, 31, 1, 0, ''),
(433, 20, 32, 1, 0, ''),
(434, 19, 22, 1, 0, ''),
(435, 16, 28, 1, 0, ''),
(436, 17, 5, 1, 0, ''),
(437, 19, 17, 1, 0, ''),
(438, 21, 15, 1, 0, ''),
(439, 16, 13, 1, 0, ''),
(440, 18, 20, 1, 0, ''),
(441, 28, 1, 1, 0, ''),
(442, 23, 22, 1, 0, ''),
(443, 19, 33, 1, 0, ''),
(444, 21, 14, 1, 0, ''),
(445, 15, 4, 1, 0, ''),
(446, 16, 31, 1, 0, ''),
(447, 20, 29, 1, 0, ''),
(448, 21, 12, 1, 0, ''),
(449, 28, 2, 1, 0, ''),
(450, 22, 20, 1, 0, ''),
(451, 25, 20, 1, 0, ''),
(452, 19, 31, 1, 0, ''),
(453, 16, 29, 1, 0, ''),
(454, 15, 7, 1, 100, ''),
(455, 16, 30, 1, 0, ''),
(456, 22, 33, 1, 0, ''),
(457, 13, 18, 1, 100, ''),
(458, 17, 30, 1, 0, ''),
(459, 17, 33, 1, 150, ''),
(460, 21, 33, 1, 0, ''),
(461, 19, 32, 1, 0, ''),
(462, 22, 15, 1, 0, ''),
(463, 21, 32, 1, 200, ''),
(464, 29, 1, 1, 50, ''),
(465, 23, 23, 1, 0, ''),
(466, 22, 16, 1, 0, ''),
(467, 29, 3, 1, 100, ''),
(468, 13, 19, 1, 0, ''),
(469, 15, 5, 1, 0, ''),
(470, 20, 24, 1, 0, ''),
(471, 17, 13, 1, 0, ''),
(472, 20, 5, 1, 0, ''),
(473, 15, 31, 1, 200, ''),
(474, 18, 21, 1, 0, ''),
(475, 29, 31, 1, 200, ''),
(476, 29, 32, 1, 200, ''),
(477, 16, 33, 1, 0, ''),
(478, 22, 17, 1, 150, ''),
(479, 15, 13, 1, 0, ''),
(480, 28, 4, 1, 0, ''),
(481, 16, 32, 1, 0, ''),
(482, 18, 23, 1, 50, ''),
(483, 29, 33, 1, 0, ''),
(484, 26, 4, 1, 0, ''),
(485, 20, 22, 1, 0, ''),
(486, 15, 33, 1, 0, ''),
(487, 15, 24, 1, 0, ''),
(488, 25, 21, 1, 0, ''),
(489, 23, 32, 1, 0, ''),
(490, 14, 17, 1, 0, ''),
(491, 17, 32, 1, 200, ''),
(492, 19, 30, 1, 0, ''),
(493, 26, 12, 1, 0, ''),
(494, 23, 33, 1, 0, ''),
(495, 14, 22, 1, 0, ''),
(496, 14, 20, 1, 0, ''),
(497, 17, 29, 1, 0, ''),
(498, 17, 31, 1, 0, ''),
(499, 20, 6, 1, 0, ''),
(500, 22, 18, 1, 0, ''),
(501, 13, 20, 1, 0, ''),
(502, 13, 21, 1, 50, ''),
(503, 26, 6, 1, 0, ''),
(504, 26, 28, 1, 0, ''),
(505, 15, 6, 1, 0, ''),
(506, 20, 15, 1, 0, ''),
(507, 26, 33, 1, 0, ''),
(508, 29, 28, 1, 150, ''),
(509, 29, 29, 1, 0, ''),
(510, 20, 16, 1, 100, ''),
(511, 13, 22, 1, 50, ''),
(512, 20, 17, 1, 0, ''),
(513, 22, 19, 1, 0, ''),
(514, 26, 19, 1, 0, ''),
(515, 26, 2, 1, 0, ''),
(516, 26, 7, 1, 0, ''),
(517, 16, 10, 1, 0, ''),
(518, 15, 25, 1, 100, ''),
(519, 13, 24, 1, 50, ''),
(520, 15, 28, 1, 0, ''),
(521, 22, 24, 1, 0, ''),
(522, 29, 25, 1, 100, ''),
(523, 19, 29, 1, 0, ''),
(524, 29, 19, 1, 200, ''),
(525, 13, 23, 1, 0, ''),
(526, 20, 21, 1, 50, ''),
(527, 29, 17, 1, 150, ''),
(528, 21, 21, 1, 0, ''),
(529, 25, 23, 1, 50, ''),
(530, 21, 16, 1, 0, ''),
(531, 26, 32, 1, 0, ''),
(532, 21, 20, 1, 0, ''),
(533, 22, 28, 1, 0, ''),
(534, 25, 13, 1, 0, ''),
(535, 21, 24, 1, 0, ''),
(536, 21, 22, 1, 0, ''),
(537, 27, 13, 1, 0, ''),
(538, 27, 23, 1, 50, ''),
(539, 26, 13, 1, 0, ''),
(540, 13, 25, 1, 100, ''),
(541, 15, 21, 1, 50, ''),
(542, 26, 30, 1, 0, ''),
(543, 21, 28, 1, 0, ''),
(544, 15, 22, 1, 0, ''),
(545, 30, 1, 1, 50, ''),
(546, 30, 2, 1, 100, ''),
(547, 30, 3, 1, 100, ''),
(548, 29, 2, 1, 100, ''),
(549, 30, 4, 1, 0, ''),
(550, 30, 6, 1, 50, ''),
(551, 29, 30, 1, 150, ''),
(552, 26, 14, 1, 0, ''),
(553, 23, 24, 1, 0, ''),
(554, 13, 32, 1, 0, ''),
(555, 27, 20, 1, 0, ''),
(556, 13, 31, 1, 200, ''),
(557, 27, 22, 1, 0, ''),
(558, 20, 30, 1, 0, ''),
(559, 22, 32, 1, 200, ''),
(560, 27, 6, 1, 0, ''),
(561, 28, 16, 1, 0, ''),
(562, 20, 31, 1, 0, ''),
(563, 22, 31, 1, 0, ''),
(564, 18, 30, 1, 0, ''),
(565, 26, 17, 1, 0, ''),
(566, 26, 10, 1, 30, ''),
(567, 13, 29, 1, 0, ''),
(568, 21, 29, 1, 0, ''),
(569, 22, 29, 1, 0, ''),
(570, 21, 30, 1, 0, ''),
(571, 27, 9, 1, 0, ''),
(572, 22, 22, 1, 0, ''),
(573, 20, 33, 1, 0, ''),
(574, 7, 5, 1, 0, '');

/*!40101 SET CHARACTER_SET_CLIENT=@OLD_CHARACTER_SET_CLIENT */;
/*!40101 SET CHARACTER_SET_RESULTS=@OLD_CHARACTER_SET_RESULTS */;
/*!40101 SET COLLATION_CONNECTION=@OLD_COLLATION_CONNECTION */;
